name	va	documented
__add	0x0088d0c0	no
__div	0x0088d310	no
__eq	0x0088d370	no
__gc	0x0088d390	no
__le	0x0088d350	no
__lt	0x0088d330	no
__mul	0x0088d2f0	no
__newindex	0x0088cca0	no
__sub	0x0088d2d0	no
ActionIsEvidence	0x00708de0	yes
ActionIsStopped	0x00708ea0	yes
ActionLock	0x00708d10	yes
AddAchievementProgress	0x0044ed60	no
AddEvidence	0x00713d00	yes
AddImpact	0x00704b20	yes
AddImpactDependendImpact	0x00704ce0	yes
AddItems	0x0070f620	yes
AddObjectDependendImpact	0x00704c10	yes
AICheckWorkingPlace	0x0070bf50	yes
AIExecutePlan	0x00719710	yes
AIFindGoodClass	0x0070c060	yes
AliasExists	0x00638fd0	yes
AlignTo	0x00706670	yes
AlignToNearest	0x00706700	yes
AllowAllMeasures	0x006f7f60	yes
AllowMeasure	0x006f7ed0	yes
ApplyGraphicsSettings	0x00451a00	no
ApplyShader	0x00708030	no
Assert	0x005cfb30	no
Attach3DSound	0x00706900	yes
AttachModel	0x0070c800	no
BankGetOffer	0x006f5700	yes
BankSetCreditOffer	0x006f5600	yes
BaseFE	0x0070a0b0	yes
BattleFlee	0x0070f030	yes
BattleGetNextEnemy	0x006f9c20	yes
BattleGetWeaponName	0x0070efb0	yes
BattleIsFighting	0x006f9ac0	yes
BattleJoin	0x006f9810	yes
BattleLeave	0x006f9ba0	yes
BattleWeaponPresent	0x006f98f0	yes
BattleWeaponStore	0x006f9b30	yes
BindQuest	0x00714ac0	yes
BlackBoardAddPamphlet	0x0070c8c0	no
BlackBoardRemovePamphlet	0x0070cdd0	no
BlockChar	0x00638930	yes
BlockLocator	0x006ff260	yes
BoardShip	0x0070d770	no
BossCreate	0x006f5220	yes
BuildingBuy	0x00705cf0	yes
BuildingBuyCart	0x00705db0	no
BuildingCanBeEntered	0x006faef0	yes
BuildingCanBeOwnedBy	0x00705ff0	no
BuildingCanHireNewWorker	0x006faf90	no
BuildingCanLevelUp	0x0070ae00	yes
BuildingCanProduce	0x006f5ab0	yes
BuildingFindSimByName	0x00715d90	yes
BuildingFindSimByProperty	0x00715c40	yes
BuildingFindWaterPos	0x0070f290	no
BuildingGetAISetting	0x006f5b80	yes
BuildingGetBaseHP	0x006fae90	yes
BuildingGetBuyPrice	0x006facd0	no
BuildingGetCart	0x00706b00	yes
BuildingGetCartCount	0x00706a10	yes
BuildingGetCharacterClass	0x00703a40	yes
BuildingGetCity	0x00705940	yes
BuildingGetClass	0x007039c0	yes
BuildingGetCutscene	0x00710f10	yes
BuildingGetFixedCosts	0x006fab80	yes
BuildingGetFlag	0x00703ec0	yes
BuildingGetForSale	0x007058d0	yes
BuildingGetFreeBudget	0x006fabe0	yes
BuildingGetInsideSimList	0x006fb070	yes
BuildingGetLevel	0x00703ba0	yes
BuildingGetMaxWorkerCount	0x00703e50	yes
BuildingGetNPC	0x00704210	yes
BuildingGetOwner	0x007056a0	yes
BuildingGetPriceProto	0x006fadb0	yes
BuildingGetPrisoner	0x00704170	no
BuildingGetProducerCount	0x00703910	yes
BuildingGetProfession	0x007042d0	yes
BuildingGetProto	0x007038a0	yes
BuildingGetReligion	0x00703b30	yes
BuildingGetRepairPrice	0x006fae20	yes
BuildingGetRoom	0x00700c50	no
BuildingGetSim	0x00704510	yes
BuildingGetSimCount	0x00704490	yes
BuildingGetType	0x00703ab0	yes
BuildingGetValue	0x006fad40	yes
BuildingGetWaterPos	0x00712b80	no
BuildingGetWorker	0x007043d0	yes
BuildingGetWorkerCount	0x00704360	yes
BuildingGetWorkingEnd	0x00703830	yes
BuildingGetWorkingStart	0x007037c0	yes
BuildingHasIndoor	0x006faff0	no
BuildingHasUpgrade	0x00703ce0	yes
BuildingInternalLevelUp	0x00703630	yes
BuildingIsWorkingTime	0x00702500	no
BuildingLevelMeUp	0x006f5a30	yes
BuildingLockForCutscene	0x0070b040	yes
BuildingRallyWorkers	0x00706800	yes
BuildingSetFlagColor	0x00704080	yes
BuildingSetForSale	0x00705840	yes
BuildingSetOwner	0x00705750	yes
BuildingSetWaterPos	0x00703f70	no
CalcDistance	0x0063ac90	yes
CalculateCourtingDifficulty	0x00701740	yes
CameraBlend	0x00802d20	yes
CameraCheckLineOfSight	0x00802c50	yes
CameraEnableUserUnlock	0x00802c00	no
CameraFollow	0x00802270	yes
CameraIndoorGetBuilding	0x00802970	yes
CameraIndoorGetRoom	0x00802a10	yes
CameraIndoorSetBuilding	0x00802860	yes
CameraIndoorSetRoom	0x008028e0	yes
CameraIsIndoor	0x00802580	yes
CameraIsLocked	0x00802600	no
CameraIsTerrain	0x008025c0	yes
CameraLock	0x00802e90	yes
CameraLockLookAt	0x00802aa0	yes
CameraTerrainSet	0x00802640	yes
CameraTerrainSetPos	0x00802680	yes
CameraUnlock	0x00802bb0	yes
CampaignExit	0x00714590	yes
CanAddItems	0x006fbd40	yes
CanBeControlled	0x006fa7e0	yes
CanBeInterruptetBy	0x006f7620	yes
CanBuildWorkshop	0x006f8500	yes
CarryObject	0x006ff580	yes
CartCheckEscort	0x00706dc0	no
CartCheckFighting	0x00706e60	no
CartCreateEscort	0x00706ce0	no
CartGetEscortCount	0x00706c70	no
CartGetOperator	0x00706bc0	yes
CartGetType	0x00706ed0	yes
CartRemoveEscort	0x00706d50	no
Cast	0x005cbc90	no
cast	0x0088bbd0	no
CC_Continue	0x00450c90	no
CC_DecrementSkill	0x00452d30	no
CC_Finish	0x00450cb0	no
CC_GetClass	0x00452840	no
CC_GetClassNames	0x00452d80	no
CC_GetFirstName	0x00452990	no
CC_GetGender	0x004526d0	no
CC_GetLastName	0x00452aa0	no
CC_GetReligion	0x004527a0	no
CC_GetSkills	0x00452bc0	no
CC_GetZodiac	0x004528f0	no
CC_GetZodiacNames	0x00450c20	no
CC_IncrementSkill	0x00452ce0	no
CC_RandomName	0x00452b90	no
CC_SetBeard	0x00453080	no
CC_SetClass	0x004528a0	no
CC_SetFirstName	0x00452a20	no
CC_SetGender	0x00452720	no
CC_SetHair	0x00453030	no
CC_SetHairColor	0x004530d0	no
CC_SetHat	0x00453120	no
CC_SetLastName	0x00452b30	no
CC_SetReligion	0x004527f0	no
CC_SetSkin	0x00452fe0	no
CC_SetVoice	0x00453170	no
CC_SetZodiac	0x00452950	no
CChangeAnimation	0x00702910	no
CExitCurrentBuilding	0x00712690	no
CFight	0x006fed40	no
CFollow	0x006fd390	no
ChangeAlias	0x00638de0	yes
ChangeAppearance	0x0044cbe0	yes
ChangeGameState	0x004515a0	no
ChangeResidence	0x00706870	yes
CheckGameTimerEnd	0x0070b170	yes
CheckPlayerBankrupt	0x0070aee0	yes
CheckPlayerExtinct	0x0070ae70	yes
CheckSkill	0x007131c0	yes
CHudRemoveCountdown	0x0044e850	no
CIncrementXP	0x00712110	no
CInitAlias	0x0044d790	no
CInitData	0x0044d580	no
CityAddPenalty	0x00701920	yes
CityAssignTrialRoles	0x00718640	yes
CityBuildNewBuilding	0x0070dc10	yes
CityEndOfficeElection	0x00801130	yes
CityFindCrowdedPlace	0x007135e0	yes
CityFindSquad	0x00708f50	yes
CityGetBuildingByName	0x00709c50	yes
CityGetBuildingCount	0x00716fe0	yes
CityGetBuildingCountForCharacter	0x007177f0	yes
CityGetBuildingForCharacter	0x007175d0	yes
CityGetBuildings	0x00717140	yes
CityGetChairmanList	0x008013b0	no
CityGetCitizenCount	0x006f65a0	yes
CityGetCrimeRate	0x006f6610	yes
CityGetDynastyCharList	0x007117a0	no
CityGetEventText	0x00711670	yes
CityGetFreeEventHour	0x00713820	no
CityGetHighestOfficeLevel	0x00800de0	yes
CityGetItemDemand	0x00718ad0	no
CityGetLevel	0x006f6700	yes
CityGetLocalMarket	0x006f6180	yes
CityGetMaxWorkerhutLevel	0x006f6530	yes
CityGetNearestBuilding	0x00717370	yes
CityGetNumEvents	0x007115f0	no
CityGetOffice	0x00800f00	yes
CityGetOfficeCountAtLevel	0x00800e60	yes
CityGetOfficeSessionMemberList	0x008017f0	no
CityGetPenalty	0x007096a0	yes
CityGetRandomBuilding	0x00709b40	yes
CityGetSeller	0x006f5fd0	yes
CityGetServant	0x006f6840	yes
CityGetServantCount	0x006f6770	yes
CityGetWantedTime	0x006f6220	yes
CityGuardScan	0x006f62c0	yes
CityIsKontor	0x006f6110	no
CityLevel2Label	0x00709620	yes
CityModifyCrimeRate	0x006f6680	yes
CityPrepareOfficesToVote	0x00801500	no
CityRemoveApplicant	0x008010b0	no
CityRemoveFromOffice	0x007ff7a0	yes
CityScheduleCutsceneEvent	0x0071a1a0	yes
CitySetFixedPrice	0x006f63f0	no
CitySetMaxWorkerhutLevel	0x006f6370	yes
CitySetOfficeApplicant	0x00800fd0	yes
CitySimBreakout	0x00709020	yes
ClearImportantPersonSection	0x0044e570	no
ClearMeasureCache	0x006fefa0	no
ClearStateImpact	0x007062a0	yes
CLoopAnimation	0x00702b20	no
CMoveTo	0x006fd150	no
CMoveToWeak	0x006fd270	no
CMsgBox	0x0044c540	no
CMsgNews	0x0070a290	no
CMsgQuest	0x0044c9f0	no
CMsgQuestIntro	0x0044cb20	no
CMsgSay	0x0070a5d0	no
CommandStructure	0x00702570	no
CommitAction	0x00708ac0	yes
CompleteAchievement	0x0044e990	no
CopyAlias	0x006fb2a0	yes
CopyAliasFromCutscene	0x00700ae0	yes
CopyAliasToCutscene	0x007009a0	yes
CourtingGetMaxCourtingId	0x006ffab0	yes
CourtingId2Measure	0x006ffaf0	yes
CPlayAnimation	0x00702820	no
CreateCutscene	0x00710bd0	yes
CreateImportantPersonSection	0x0044e610	no
CreateRoad	0x006fc010	no
CreateScriptcall	0x00716b90	yes
CreateWorkOfArt	0x006fbe40	no
CreditGetInterest	0x006f58d0	yes
CreditGetRemainingTime	0x006f59b0	yes
CreditGetRuntime	0x006f5940	yes
CreditGetSum	0x006f57f0	yes
CreditGetTotal	0x006f5860	yes
CreditMoney	0x00703550	yes
CrimeForfeit	0x00709560	yes
CrimeGetEvidenceValue	0x007095c0	yes
CSendCommand	0x00638790	no
CShowPanel	0x0063a3d0	no
CShowTutorialBox	0x0044e1e0	no
CStroll	0x00702d80	no
CUseLocator	0x006ff630	no
CutsceneAddEvent	0x00713a40	yes
CutsceneAddSim	0x008022f0	no
CutsceneAddTriggerEvent	0x00713b90	yes
CutsceneCallScheduled	0x007093a0	no
CutsceneCallThread	0x0071a4c0	yes
CutsceneCallUnscheduled	0x00709480	no
CutsceneCameraBlend	0x00803840	yes
CutsceneCameraCreate	0x008032b0	yes
CutsceneCameraRelease	0x008038c0	yes
CutsceneCameraSetAbsolutePosition	0x00803700	yes
CutsceneCameraSetRelativePosition	0x00803460	yes
CutsceneCollectEvidences	0x007181a0	yes
CutsceneGetData	0x00709250	yes
CutsceneGetMeasureLockTime	0x00802470	yes
CutsceneHUDShow	0x0044d910	yes
CutsceneLocalPlayerIsWatching	0x00802d80	yes
CutsceneRemoveSim	0x00802380	no
CutsceneSendEventTrigger	0x007090b0	yes
CutsceneSetData	0x00709130	yes
CutsceneSetMeasureLockTime	0x00802410	yes
CutsceneSetTimeBar	0x00802e00	yes
CutsceneShowCharacterPanel	0x0044e7c0	no
CWaitForSelection	0x00638a20	no
DeleteSaveGame	0x00450b40	no
DestroyCutscene	0x00803920	no
Detach3DSound	0x007069a0	yes
DoNewBornStuff	0x00705c80	yes
DumpFileManifest	0x00450af0	no
DynastyAddMember	0x007013d0	yes
DynastyAvoidControl	0x006f8f60	no
DynastyCreate	0x006f6ab0	yes
DynastyFindIdleWorker	0x006f9400	yes
DynastyFindNewBuilding	0x006f9140	yes
DynastyFindSquad	0x0070b5c0	yes
DynastyFindTargetDynasty	0x006f9270	yes
DynastyForceCalcDiplomacy	0x006f8770	yes
DynastyGetBuilding2	0x006f96b0	no
DynastyGetBuildingCount	0x006f9db0	yes
DynastyGetBuildingCount2	0x006f9630	no
DynastyGetColor	0x006f6bd0	yes
DynastyGetCredit	0x006f8940	yes
DynastyGetDiplomacyOffer	0x006f8fe0	yes
DynastyGetDiplomacyState	0x0070ee60	yes
DynastyGetFamilyMember	0x006fc920	yes
DynastyGetFamilyMemberCount	0x006fc8a0	yes
DynastyGetFlagNumber	0x0070c470	yes
DynastyGetHomeCity	0x006fcb70	yes
DynastyGetMaxDiplomacyState	0x006f8d80	no
DynastyGetMember	0x006fc9f0	yes
DynastyGetMemberCount	0x006fc820	yes
DynastyGetMemberRandom	0x006fcac0	yes
DynastyGetMinDiplomacyState	0x006f8cd0	no
DynastyGetRandomBuilding	0x006fa880	yes
DynastyGetRandomVictim	0x006f9340	yes
DynastyGetRanking	0x006f8700	yes
DynastyGetTeam	0x006f83f0	yes
DynastyGetTotalSeaTradeValue	0x006f82c0	no
DynastyGetWorker	0x006f9560	yes
DynastyGetWorkerCount	0x006f94d0	yes
DynastyHasUpgrade	0x00703d60	no
DynastyIsAI	0x006f8070	yes
DynastyIsDead	0x006f8600	yes
DynastyIsHumanControlled	0x006f8220	no
DynastyIsPlayer	0x006f7fd0	yes
DynastyIsShadow	0x006f8680	yes
DynastyMakeImpact	0x006f9090	yes
DynastyPaybackCredit	0x006f88a0	yes
DynastyRemoveDiplomacyStateImpact	0x006f8e30	yes
DynastyRemoveMember	0x00701460	yes
DynastySetDiplomacyState	0x006f8a10	yes
DynastySetMaxDiplomacyState	0x006f8c90	yes
DynastySetMinDiplomacyState	0x006f8c50	yes
DynastySetTeam	0x006f8470	yes
DynastyTakeCredit	0x006f87f0	yes
EndCutscene	0x00715090	yes
EnterVehicle	0x00702cd0	yes
Evacuate	0x00706770	yes
EvidenceGetActor	0x007003d0	yes
EvidenceGetSeverity	0x00700360	yes
ExitBuildingWithCamera	0x0044cc80	yes
ExitCurrentVehicle	0x00702c50	yes
FadeInFE	0x00709da0	yes
FadeOutAllFE	0x00709f20	yes
FadeOutFE	0x00709e70	yes
Find	0x00637bf0	yes
FindByID	0x00637fe0	yes
FindByName	0x006383a0	yes
FindNearestBuilding	0x007140a0	yes
FindNode	0x005cbc30	yes
FindResourceProto	0x006f77f0	yes
FindWorker	0x007169a0	yes
Fire	0x00702be0	yes
ForbidMeasure	0x006f7e40	yes
Gametime2Realtime	0x006fd570	yes
Gametime2Total	0x006fd510	yes
GetAccessPriceGive	0x007054c0	no
GetAccessPriceTake	0x007053f0	no
GetAchievementCategory	0x0044eec0	no
GetAchievementInfo	0x0044f1e0	no
GetAchievementProgress	0x0044ebc0	no
GetAchievementScore	0x0044f090	no
GetAliasByID	0x0063aad0	yes
GetAnimationLength	0x007029b0	yes
GetArmor	0x006f97a0	yes
GetBuildingBasePrice	0x006fac70	yes
GetCameraPosition	0x0044ce80	yes
GetConfigFloat	0x00451870	no
GetConfigInt	0x00451290	no
GetConfigString	0x00451370	no
GetCrimeLocation	0x0070c6e0	yes
GetCurrentMeasureID	0x0063c8a0	yes
GetCurrentMeasureName	0x0063c970	yes
GetCurrentMeasurePriority	0x0063ca30	yes
GetData	0x00639220	yes
GetDatabaseMaxID	0x00639c50	no
GetDatabaseValue	0x00639ce0	yes
GetDirectionTo	0x00701dd0	yes
GetDisplayName	0x0070d690	no
GetDistance	0x0070fa30	yes
GetDynasty	0x00705350	yes
GetDynastyColors	0x004508f0	no
GetDynastyEvidenceValues	0x00718d70	no
GetDynastyID	0x007052e0	yes
GetEvadePosition	0x0070fea0	yes
GetEvidenceAlignmentSum	0x00716480	yes
GetEvidenceValues	0x007165b0	yes
GetFavor	0x00711b00	no
GetFavorToDynasty	0x00711b00	yes
GetFavorToSim	0x00711b00	yes
GetFingerprint	0x00450330	no
GetFleePosition	0x0070fd10	yes
GetFreeLocatorByName	0x007193f0	yes
GetGametime	0x006fd6b0	yes
GetGameVersion	0x00450210	no
GetHomeBuilding	0x006feba0	yes
GetHomeBuildingId	0x006fec40	yes
GetHoursToNextTrial	0x00711990	no
GetHP	0x00704870	yes
GetHPRelative	0x007048d0	yes
GetID	0x0063abf0	yes
GetImpactValue	0x00704fd0	yes
GetInsideBuilding	0x00700bb0	yes
GetInsideBuildingID	0x00700e40	yes
GetInsideRoom	0x007111f0	yes
GetInventory	0x00703c20	no
GetItemCount	0x00707c20	yes
GetLocalizedText	0x004503c0	no
GetLocalPlayerDynasty	0x0070b230	yes
GetLocatorByName	0x006ff170	yes
GetLocatorIndex	0x006ff410	yes
GetMapInfo	0x00450750	no
GetMapList	0x00450560	no
GetMaxHP	0x00704a10	yes
GetMaxWorkshopCount	0x006f8580	yes
GetMeasureRepeat	0x00708240	yes
GetMeasureRepeatName	0x007085f0	yes
GetMeasureRepeatName2	0x007084a0	yes
GetMoney	0x00702f10	yes
GetMount	0x00715920	no
GetName	0x00706600	yes
GetNearestSettlement	0x006f69b0	yes
GetNobilityTitle	0x00702140	yes
GetNobilityTitleLabel	0x00712000	yes
GetOfficeByApplicant	0x00801660	no
GetOfficeTypeHolder	0x00800cf0	yes
GetOutdoorLocator	0x0044c7b0	yes
GetOutdoorMovePosition	0x00712dd0	yes
GetPlayerName	0x00450370	no
GetPosition	0x0070f450	yes
GetPositionOfSubobject	0x0070f870	yes
GetPositionXYZ	0x006fb940	no
GetProperty	0x006378f0	yes
GetRadius	0x006fa170	yes
GetRandomPlayerDynasty	0x00717fe0	no
GetRemainingInventorySpace	0x006fc740	yes
GetRepeatTimerEndtime	0x00708800	yes
GetRepeatTimerLeft	0x007081b0	yes
GetRotation	0x006fcd30	yes
GetRotationTo	0x00701f80	yes
GetRound	0x006fe650	yes
GetSaveGameList	0x00451dc0	no
GetScenario	0x006fe810	yes
GetScreenModes	0x00453370	no
GetSeason	0x006fe5c0	yes
GetSettingNumber	0x0063c770	yes
GetSettingString	0x0063c650	yes
GetSettlement	0x00701cc0	yes
GetSettlementID	0x00701d60	yes
GetSimsInRange	0x00716e00	no
GetSimType	0x007023b0	yes
GetSkillValue	0x00713260	yes
GetStat	0x0070d2b0	no
GetState	0x00706450	yes
GetStateImpact	0x00706380	yes
GetValueFloat	0x005cbd80	no
GetValueInt	0x005cbd00	no
GetValueString	0x005cc6b0	no
GetVehicle	0x0070f0f0	yes
GetWorkOfArtData	0x006fc130	no
GetWorldPositionXYZ	0x006fb7f0	no
GetYear	0x006fe6e0	no
GfxAttachObject	0x007153d0	yes
GfxAttachObjectByID	0x0063afc0	yes
GfxDetachAllObjects	0x0063c370	yes
GfxDetachObject	0x00715230	yes
GfxDropToFloor	0x0063b3d0	yes
GfxGetHeight	0x0063c2a0	yes
GfxIsMoving	0x0063c520	yes
GfxMoveNoWait	0x0063b7b0	yes
GfxMoveToNoWait	0x0063bb90	yes
GfxMoveToPositionNoWait	0x0063b9a0	yes
GFXRand	0x0063aa40	yes
GfxRotateNoWait	0x0063bd20	yes
GfxRotateToAngleNoWait	0x0063bf10	yes
GfxRotateToNoWait	0x0063c110	yes
GfxScale	0x0063c410	yes
GfxSetPosition	0x0063b090	yes
GfxSetPositionTo	0x0063b280	yes
GfxSetRotation	0x0063b4a0	yes
GfxSetRotationTo	0x0063b660	yes
GfxStartParticle	0x00715580	yes
GfxStopParticle	0x0063aef0	yes
GuideSetPage	0x0044f330	no
HasData	0x00639370	yes
HasProperty	0x00637800	yes
HasRunningQuest	0x00714fc0	yes
HideObject	0x00710000	yes
HidePanel	0x00451450	no
HideTutorialBox	0x0044e440	yes
HireWorker	0x006f9f40	yes
HudAddToSelection	0x0044d340	yes
HudCancelUserSelection	0x0044e480	yes
HudClearSelection	0x0044d2f0	yes
HudDeselect	0x0044d260	yes
HudEnableElement	0x0044d8a0	yes
HudGetActiveCharacter	0x0044cdf0	yes
HudGetActiveSheet	0x0044d050	yes
HudGetSelected	0x0044d3a0	yes
HudGetSelectionCount	0x0044e900	no
HudPanelIsVisible	0x0044e100	yes
HudSelect	0x0044d160	yes
HudSetViewToObject	0x0044e010	yes
ImpactGetMaxTimeleft	0x00704a70	yes
Include	0x005cfa90	yes
IncrementSkillValue	0x00713380	no
IncrementXPQuiet	0x00714360	yes
InternalDie	0x00702e40	yes
InternalRemove	0x00702eb0	yes
InventoryGetSlotCount	0x0070c240	yes
InventoryGetSlotInfo	0x0070c3b0	yes
InventoryGetSlotSize	0x0070c2d0	no
ipairs	0x008228b0	no
IsAchievementCompleted	0x0044ecb0	no
IsAchievementUnlocked	0x0044f130	no
IsAchievementVanillaOnly	0x0070d1e0	no
IsAIDriven	0x0063a2b0	yes
IsDead	0x00706570	yes
IsDemo	0x0044e160	no
IsDestroyed	0x0063a1f0	yes
IsDynastySim	0x007045e0	yes
IsGUIDriven	0x0063a310	yes
IsInit	0x00639f40	yes
IsInLoadingRange	0x00707d00	yes
IsLocatorFree	0x00706a80	yes
IsModActive	0x0070d1b0	no
IsMount	0x0070d0e0	no
IsMounted	0x00715760	no
IsMultiplayerGame	0x006f7420	yes
IsOnlyPartyMember	0x007046c0	yes
IsPartyMember	0x00704650	yes
IsReady	0x0063a090	yes
IsStateDriven	0x0063a370	yes
IsType	0x00705050	yes
IsTypeExact	0x007051a0	no
ItemGetBasePrice	0x00707710	yes
ItemGetCategory	0x00707020	yes
ItemGetID	0x00707b80	yes
ItemGetLabel	0x00707a30	yes
ItemGetName	0x00707100	yes
ItemGetNeed	0x00707400	no
ItemGetPriceBuy	0x00707260	yes
ItemGetPriceSell	0x00707650	yes
ItemGetProductionAmount	0x00707870	yes
ItemGetProductionTime	0x007077c0	yes
ItemGetSlot	0x007071a0	yes
ItemGetSubstLevel	0x00707320	yes
ItemGetType	0x00706f40	yes
Kill	0x00712810	yes
KillQuest	0x00714ee0	yes
KontorFreezeAll	0x006fd880	no
KontorGetLordPermitLeft	0x006fe4a0	no
KontorGetPermitLeft	0x006fd9f0	no
KontorGrantLordPermit	0x006fe370	no
KontorGrantPermit	0x006fd8c0	no
KontorPublishFactory	0x006fdc60	no
KontorSetCharterLord	0x006fe020	no
KontorSetLordship	0x006fe0b0	no
KontorSetRealmLabels	0x006fdb10	no
KontorSetReroll	0x006fdf20	no
KontorSetRoute	0x006fd740	no
KontorShowPrivileges	0x0044cd30	no
len	0x005cbb90	no
ListAdd	0x00639470	yes
ListAllCutscenes	0x00710e20	no
ListClear	0x006397f0	yes
ListContains	0x00639b00	no
ListCrimeReport	0x00701a80	no
ListGetElement	0x00639960	yes
ListMerge	0x00639580	yes
ListNew	0x006393f0	yes
ListRemove	0x006396e0	yes
ListSize	0x00639890	yes
LoadSaveGame	0x00452530	no
LocatorGetBlocker	0x006ff300	no
LocatorStatus	0x006ff0d0	yes
LogError	0x005cc850	no
LogMessage	0x005cc7b0	yes
LogWarning	0x005cbe00	no
LordshipAddFavor	0x006fe170	no
LordshipGetFavor	0x006fe2b0	no
LuaType	0x005cbac0	no
MapHighlightObject	0x0044d0d0	yes
MarketConsume	0x007074e0	no
MarketRegisterSale	0x00707590	no
math	0x00825e90	no
MeasureAddAlias	0x0070e520	yes
MeasureAddData	0x0070e640	yes
MeasureClearRuntimeData	0x0063c620	yes
MeasureCreate	0x0070e420	yes
MeasureGetID	0x006f7700	yes
MeasureGetPriority	0x0063ae90	yes
MeasureIsValid	0x0070c170	yes
MeasureRun	0x0070e9f0	yes
MeasureSetNotRestartable	0x0063c5f0	yes
MeasureSetPriority	0x0063ae20	yes
MeasureSetStopMode	0x0063cb00	no
MeasureStart	0x0070e820	yes
ModifyFavorToDynasty	0x00711d00	yes
ModifyFavorToSim	0x00711c00	yes
ModifyHP	0x00704930	yes
Mount	0x0070cf80	no
MoveGetPrefPattern	0x00712d30	no
MoveGetStance	0x006fd040	no
MoveSetActivity	0x006fcea0	yes
MoveSetStance	0x006fcfb0	yes
MoveStop	0x006fd0d0	yes
MsgDebugMeasure	0x00638d60	yes
MsgMeasure	0x0071a5e0	yes
MsgQuick	0x0071a720	yes
MsgSystem	0x0071a840	yes
Name2BuildingType	0x006f9e90	yes
newproxy	0x00822dd0	no
NotifyOnStateChange	0x00717940	yes
ObjectClearMeasureIcon	0x0070c560	yes
ObjectClearStateIcon	0x0070c640	yes
ObjectGetRotationY	0x006fcc30	no
ObjectSetHighlight	0x0070b300	yes
ObjectSetMeasureIcon	0x0070c4e0	yes
ObjectSetStateIcon	0x0070c5c0	yes
OfficeApplicationHUDAddVoter	0x0044de40	no
OfficeApplicationHUDSetCandidates	0x0044dd60	no
OfficeDepositionHUDAddVoter	0x0044df70	no
OfficeDepositionHUDSetCandidate	0x0044dee0	no
OfficeGetAccessRights	0x007ffe90	yes
OfficeGetApplicantCount	0x008002b0	yes
OfficeGetChargeCost	0x00800140	no
OfficeGetHolder	0x007ff900	yes
OfficeGetHolderId	0x007ff890	yes
OfficeGetIdx	0x00800240	no
OfficeGetLevel	0x007ff9c0	yes
OfficeGetShadowApplicantCount	0x00800320	yes
OfficeGetTextLabel	0x007ffa20	yes
OfficePrepareSessionMembers	0x00801b60	no
OfficeRemoveApplicant	0x008001b0	no
OfficeSetBlock	0x007ff820	yes
OpenBugReport	0x00450a50	no
OpenLetterComposer	0x0070a170	no
OpenSteamOverlayURL	0x00450a20	no
OSHSetMeasureCost	0x0044f590	yes
OSHSetMeasureRepeat	0x0044f4d0	yes
OSHSetMeasureRuntime	0x0044f410	yes
OutputDebugString	0x006fa990	no
pairs	0x00822830	no
PenaltyFinish	0x00709800	yes
PenaltyGetOffender	0x00714000	yes
PenaltyGetPrisonTime	0x007098e0	yes
PenaltyGetType	0x00709870	yes
PenaltyReset	0x00709790	yes
PlayerCreate	0x006f5130	yes
PlayerMeasureStarted	0x0044cff0	yes
PlayFE	0x00709fe0	yes
PlaySound	0x00707de0	yes
PlaySound3D	0x00707ef0	yes
PlaySound3DVariation	0x00707f90	yes
PlaySoundVariation	0x00707e70	yes
Plunder	0x006f9d00	yes
Position2GuildObject	0x006fb330	no
PositionGetArea	0x006fb680	yes
PositionGetRotation	0x006fba70	yes
PositionGetVector	0x006fb770	yes
PositionModify	0x006fb580	yes
PositionMove	0x006fb430	yes
PositionSetArea	0x006fb6f0	yes
PositionSetVector	0x006fbad0	yes
ProfessionGetLabel	0x00707930	yes
QuestTalk	0x00708a30	yes
QuitGame	0x00450360	no
Rand	0x0063a830	yes
ReadyToRepeat	0x00708130	yes
RealmGetRuler	0x006fde40	no
RealmSetRuler	0x006fdd40	no
Realtime2Gametime	0x006fd610	yes
ReleaseAvoidanceGroup	0x006fa510	yes
ReleaseLocator	0x006ff370	yes
releaseownership	0x0088c0e0	no
RemoveAlias	0x00638e90	yes
RemoveAllImpactDependendImpacts	0x00704db0	no
RemoveAllObjectDependendImpacts	0x00704e40	yes
RemoveAllOverheadSymbols	0x0070a7e0	yes
RemoveData	0x006391a0	yes
RemoveDialogBox	0x0070a850	yes
RemoveDynastyEvidences	0x0070acb0	no
RemoveEmptySlots	0x006fc270	yes
RemoveEvidences	0x0070ac20	yes
RemoveImpact	0x00704f10	yes
RemoveItems	0x0070f740	yes
RemoveOverheadSymbol	0x0070a750	yes
RemoveOverheadSymbols	0x00718cf0	yes
RemoveProperty	0x00637b00	yes
RemoveScriptcall	0x00708750	yes
RenderCustomClear	0x00505130	no
RenderCustomClearAll	0x00505210	no
RenderCustomSetCamera	0x00504950	no
RenderCustomSetFOV	0x00504a40	no
RenderCustomSetLabel	0x00504470	no
RenderCustomSetObjectTransform	0x00504ad0	no
RenderCustomSetTexture	0x00504500	no
RenderCustomShowNIF	0x00505be0	no
RenderCustomShowObject	0x00505b30	no
RenderCustomShowSim	0x00505a80	no
ResetAchievementProgress	0x0044ef70	no
ResetGamespeed	0x0044e730	yes
ResetMouseCursorTexture	0x0063a750	yes
ResetProcessProgress	0x00704810	yes
ResetQuest	0x00714e00	yes
ResolveLabel	0x0070d3b0	no
ResourceCanBeChanged	0x006f7bc0	yes
ResourceFind	0x006f7880	yes
ResourceGetEntry	0x006f7a80	yes
ResourceGetItemId	0x006f7b40	yes
ResourceGetLevel	0x006f7a10	yes
ResourceGetMeasureID	0x006f7d30	yes
ResourceGetScriptFunc	0x006f7cb0	yes
ResourceGetTypeCount	0x0070ed20	yes
ResourceGetTypeItem	0x0070eda0	yes
ResourceSow	0x006f7c30	yes
RollPoolName	0x007106d0	no
RoomGetInsideSimList	0x006fb160	yes
RoomLockForCutscene	0x0070afb0	no
SatisfyNeed	0x006fee10	yes
SaveAllConfig	0x00450ad0	no
ScenarioCreateCart	0x00705e70	no
ScenarioCreatePosition	0x0070e260	yes
ScenarioCreateResource	0x006f74c0	yes
ScenarioFindBuildingProto	0x006f5580	yes
ScenarioFindBuildingProtoForCharacter	0x00716810	yes
ScenarioFindPosition	0x0070d8e0	no
ScenarioGetBuildingCount	0x007099e0	no
ScenarioGetDifficulty	0x006f6e30	yes
ScenarioGetImperialCapital	0x006f70c0	no
ScenarioGetImperialCapitalId	0x006f7020	no
ScenarioGetItemIdByNumber	0x006f7290	no
ScenarioGetItemIdCount	0x006f7250	no
ScenarioGetKontorGoodCount	0x006f6ec0	no
ScenarioGetKontorGoodInfo	0x006f6f50	no
ScenarioGetObjectByName	0x0070e060	yes
ScenarioGetObjects	0x0070de40	yes
ScenarioGetRandomObject	0x007159d0	yes
ScenarioGetTimePlayed	0x006f72e0	yes
ScenarioGetUnspawnedEnemiesCount	0x006fe8d0	yes
ScenarioGetYearsPerRound	0x006fe960	yes
ScenarioPauseAI	0x006f7370	yes
ScenarioSetImperialCapital	0x006f7190	no
ScenarioSetNameLanguage	0x0070c6a0	yes
ScenarioSetOutdoorScrollBoundaries	0x006f53d0	yes
ScenarioSetYearsPerRound	0x006fe770	yes
ScenarioStopUsingOutdoorScrollBoundaries	0x006f5340	yes
SetActiveAvoidance	0x006fa430	yes
SetAppearance	0x00709d10	yes
SetArg	0x00719a80	no
SetAvoidanceGroup	0x00717c40	yes
SetAvoidanceRange	0x006fa100	yes
SetCampaignEndText	0x0070a940	yes
SetConfigFloat	0x00451960	no
SetConfigInt	0x00451480	no
SetConfigString	0x00451510	no
SetContext	0x006fa3a0	yes
SetData	0x00639050	yes
SetDestroyed	0x0063a150	yes
SetEndlessMoney	0x007034d0	no
SetExclusiveMeasure	0x006f7da0	yes
SetFavorToDynasty	0x00711f00	yes
SetFavorToSim	0x00711e00	yes
SetHomeBuilding	0x006fecb0	yes
SetImportantPersonToSection	0x0044e4b0	no
SetInit	0x00639ea0	yes
SetInvisible	0x006ffcd0	no
SetMainQuest	0x0070af50	yes
SetMainQuestDescription	0x0071b0a0	yes
SetMainQuestTitle	0x0071af40	yes
SetMeasureRepeat	0x00708330	yes
SetMenuState	0x00450270	no
SetMouseCursorTexture	0x0063a600	yes
SetName	0x006f6d10	yes
SetNobilityTitle	0x00702210	yes
SetOfficePrivileges	0x00800010	yes
SetOfficeServants	0x007fff50	yes
SetPassiveAvoidance	0x006fa4a0	yes
SetPlayerName	0x00450390	no
SetPosition	0x006fbbf0	yes
SetProcessMaxProgress	0x00704750	yes
SetProcessProgress	0x007047b0	yes
SetProperty	0x00637600	yes
SetQuestDescription	0x0071abf0	yes
SetQuestDescriptionByQuestname	0x0071ad20	yes
SetQuestDestination	0x00714480	yes
SetQuestSource	0x007149b0	yes
SetQuestTitle	0x0071aaf0	yes
SetReady	0x00639ff0	yes
SetRepeatTimer	0x007088e0	yes
SetRichPresence	0x0070d320	no
SetRoomAnimationTime	0x008047a0	yes
SetSkillValue	0x007132e0	yes
SetState	0x007060b0	yes
SetStateImpact	0x007061c0	yes
SetTime	0x006fe9f0	yes
SettlementEventGetTime	0x007143f0	yes
SettlementGetOffice	0x00800b00	yes
SettlementGetOfficeCnt	0x00800a60	yes
SettlementGetOfficeHolder	0x00800be0	yes
SettlementGetOfficeLevelCnt	0x008009e0	yes
SetWorkOfArtProvenance	0x007190e0	no
ShowBoundingBox	0x007080b0	yes
ShowBuildingFlags	0x006fb210	yes
ShowMap	0x0044ccb0	yes
ShowObject	0x00710100	yes
ShowOverheadMeasureSymbol	0x0070a960	yes
ShowOverheadSymbol	0x0071a950	yes
ShowStatistics	0x0044e6f0	yes
SimAddCourtingProgress	0x00700740	yes
SimAddDate	0x00710fb0	yes
SimAddDatebookEntry	0x00719d70	yes
SimApplyDeposition	0x00800690	yes
SimArrangeLiaison	0x00700910	yes
SimBeamMeUp	0x006ff9b0	yes
SimCanBeCharged	0x007019b0	yes
SimCanBeHired	0x006fa6e0	no
SimCanStartCourtLover	0x00700570	yes
SimCanWorkHere	0x006faae0	yes
SimChargeCharacter	0x00717d70	yes
SimConsumeGoods	0x007004e0	yes
SimCreate	0x007059f0	yes
SimCreateCompanion	0x007108f0	yes
SimCreateUnplaced	0x00705b60	no
SimDoCourtingAction	0x00700690	yes
SimFindProduction	0x006faa20	yes
SimFindSquad	0x0070b500	yes
SimGenerateName	0x006ffe20	no
SimGetAge	0x00710200	yes
SimGetAlignment	0x00711330	yes
SimGetAssignedArea	0x00711a60	yes
SimGetAssignedAreaID	0x007113b0	yes
SimGetBehavior	0x007000a0	yes
SimGetBeloved	0x00701570	yes
SimGetBestEvidence	0x007160a0	yes
SimGetChild	0x00701310	yes
SimGetChildCount	0x007012a0	yes
SimGetChildren	0x00701030	no
SimGetChildrenCount	0x007010f0	no
SimGetChurch	0x00701610	yes
SimGetCityOfOffice	0x007ffba0	yes
SimGetClass	0x007124f0	yes
SimGetCourtingSim	0x00710ab0	no
SimGetCourtLover	0x007007b0	yes
SimGetCrimeList	0x00716310	yes
SimGetCutscene	0x00710d80	yes
SimGetDeadSpouseCount	0x007112a0	no
SimGetDivorced	0x00702290	yes
SimGetFaith	0x00711510	yes
SimGetFather	0x00701160	yes
SimGetFavourableCourtingAction	0x006ff820	yes
SimGetGender	0x00712620	yes
SimGetHandsel	0x007036c0	yes
SimGetLastname	0x006ffe80	yes
SimGetLevel	0x00712480	yes
SimGetLiaison	0x00700850	no
SimGetMaxOfficeLevel	0x007ff590	yes
SimGetMother	0x00701200	yes
SimGetNeed	0x006feeb0	yes
SimGetOffice	0x007ff700	yes
SimGetOfficeID	0x007ffe20	yes
SimGetOfficeIndex	0x007ff680	yes
SimGetOfficeLevel	0x007ff600	yes
SimGetPregnant	0x00710320	yes
SimGetProduceItemID	0x006ffc60	yes
SimGetProductivity	0x006ff6c0	yes
SimGetProfession	0x00700eb0	yes
SimGetProgress	0x006ff720	yes
SimGetRank	0x00710a40	yes
SimGetReligion	0x00711430	yes
SimGetServantDynasty	0x00705590	yes
SimGetServantDynastyId	0x00705630	no
SimGetSpouse	0x00700f90	yes
SimGetWage	0x00703760	yes
SimGetWealth	0x006fff40	yes
SimGetWeaponDamage	0x006f9960	no
SimGetWorkingPlace	0x00701c20	yes
SimGetWorkingPlaceID	0x00701bb0	yes
SimHasAbility	0x00715ba0	yes
SimHire	0x006fa5e0	yes
SimIsAppliedForOffice	0x00800940	yes
SimIsCourting	0x00710b50	no
SimIsInside	0x00702420	yes
SimIsMortal	0x0070f190	yes
SimIsWorkingTime	0x00702490	yes
SimLock	0x00700260	yes
SimMarry	0x007014e0	yes
SimPauseWorking	0x00700f20	yes
SimReleaseCourtLover	0x007016d0	yes
SimResetBehavior	0x007002f0	yes
SimResumePreFightMeasure	0x006fef30	yes
SimRunForAnOffice	0x00800410	yes
SimSetAge	0x00710280	yes
SimSetBehavior	0x00700020	yes
SimSetBehaviorDataAlias	0x007001b0	yes
SimSetBehaviorDataFloat	0x00700110	yes
SimSetClass	0x00712590	yes
SimSetCourtLover	0x00700600	yes
SimSetDoctorTitle	0x00702340	yes
SimSetFaith	0x00711590	yes
SimSetFamily	0x007104c0	yes
SimSetFirstname	0x007103a0	yes
SimSetHireable	0x006fa560	yes
SimSetLastname	0x007105a0	yes
SimSetMortal	0x0070f200	yes
SimSetOffice	0x007ffd10	yes
SimSetParents	0x006ffd60	yes
SimSetProduceItemID	0x006ffb50	yes
SimSetProgress	0x006ff790	yes
SimSetReligion	0x007114b0	yes
SimSetStartLevel	0x007123f0	no
SimStartIdleMeasure	0x006fffb0	yes
SimStopMeasure	0x006ffa30	yes
Sleep	0x005cfbd0	no
SneakVisActivate	0x00709950	no
SpendMoney	0x00702f80	yes
SquadAddMember	0x0070baa0	yes
SquadAddRandom	0x0070b710	yes
SquadCreate	0x0070b3c0	yes
SquadDestroy	0x0070b490	yes
SquadGet	0x0070b670	yes
SquadGetLeader	0x0070bc60	yes
SquadGetLeaderId	0x0070bd00	yes
SquadGetMeetingPlace	0x0070beb0	yes
SquadGetMember	0x0070bd70	yes
SquadGetMemberCount	0x0070b830	yes
SquadGetProfession	0x0070b7b0	yes
SquadGetState	0x0070bbf0	yes
SquadGetVacantPlace	0x0070b8c0	yes
SquadIsNeeded	0x0070ba10	yes
SquadIsReady	0x0070b930	no
SquadMemberExists	0x0070be30	yes
SquadRemoveMember	0x0070bb50	yes
SquadSetMeetingPlace	0x0070c0e0	yes
SquadSetReady	0x0070b990	yes
StartEmote	0x007017d0	yes
StartGameTimer	0x0070b0d0	yes
StartHighPriorMusic	0x00713420	yes
StartMagicalEffect	0x0044d460	yes
StartMission	0x00714c90	yes
StartProduction	0x006ff010	yes
StartQuest	0x00714b90	yes
StartRoomAnimation	0x008044c0	yes
StartSinglePlayerGame	0x004516a0	no
StartSingleShotParticle	0x00712f90	yes
Stop	0x005cfd60	no
StopAction	0x00708c40	yes
StopAllAnimations	0x00702ab0	no
StopAnimation	0x00702a40	yes
StopEmote	0x007018d0	yes
StopFollow	0x006fd4c0	yes
StopMeasure	0x00638c60	yes
StopProduction	0x006ff080	no
StopRoomAnimation	0x00804630	yes
StopScheduledScript	0x00638b80	yes
string	0x00825700	no
SystemGetMeasureName	0x006f77a0	yes
SystemGetMeasurePriority	0x006f7740	yes
table	0x00823c10	no
takeownership	0x0088bbb0	no
Talk	0x00708980	yes
ThrowObject	0x006fc570	yes
TradeMemoryEvents	0x006fead0	yes
Transfer	0x006fc3e0	yes
TransferItems	0x006fc300	yes
TrialHUDSetSims	0x0044d9b0	no
TrialHUDSetStatus	0x0044daa0	no
UI_AttachCityListeners	0x00459530	no
UI_BringToFront	0x00457d90	no
UI_CleanupAll	0x0045b420	no
UI_ComboBoxAddItem	0x00458c00	no
UI_ComboBoxGetValue	0x00458e60	no
UI_ComboBoxSetValue	0x00458f60	no
UI_CreateCheckbox	0x00457d80	no
UI_CreateComboBox	0x00458700	no
UI_CreateLabel	0x00457c10	no
UI_CreateScrollBar	0x00459c10	no
UI_CreateSlider	0x00457ff0	no
UI_CreateWindow	0x00457c20	no
UI_DestroyElement	0x00457c80	no
UI_ExcludeFromHitTest	0x00459ba0	no
UI_GetCursorPos	0x00450200	no
UI_GetElementPosition	0x00457ca0	no
UI_GetScreenSize	0x004501f0	no
UI_GetSelectedCity	0x00451610	no
UI_GetSize	0x00457cd0	no
UI_GetSliderValue	0x00459020	no
UI_GetText	0x00457d10	no
UI_IsButtonPressed	0x00457d70	no
UI_IsVisible	0x00457db0	no
UI_LoadMapGUI	0x004591f0	no
UI_LoadSaveScreenshot	0x0045aab0	no
UI_SetAlpha	0x00457ce0	no
UI_SetButtonColors	0x00457d20	no
UI_SetButtonHoverColor	0x00457d50	no
UI_SetButtonPressedColor	0x00457d40	no
UI_SetButtonReleasedColor	0x00457d30	no
UI_SetButtonTexture	0x00457cb0	no
UI_SetButtonWheelScroll	0x004598c0	no
UI_SetCheckboxState	0x00457110	no
UI_SetColor	0x00457c70	no
UI_SetElementShader	0x00459a10	no
UI_SetElementWheelScroll	0x00459760	no
UI_SetEnabled	0x00457c40	no
UI_SetFont	0x00457cf0	no
UI_SetFontColor	0x00457d00	no
UI_SetLabelAlignment	0x00456130	no
UI_SetMapFile	0x0045a9b0	no
UI_SetName	0x00457dc0	no
UI_SetOnClick	0x00457c90	no
UI_SetPosition	0x00457c50	no
UI_SetScrollBarRange	0x0045a6f0	no
UI_SetShaderColor	0x00459ad0	no
UI_SetSize	0x00457cc0	no
UI_SetSliderValue	0x00459120	no
UI_SetText	0x00457c60	no
UI_SetTextAlignment	0x00456370	no
UI_SetTexture	0x00457da0	no
UI_SetupDefaultButton	0x00457d60	no
UI_SetVisible	0x00457c30	no
UI_StyleMenuButton	0x00456bf0	no
UI_StyleSlider	0x004582f0	no
UI_ToggleCheckbox	0x004571f0	no
UnloadShipCrew	0x00718810	no
UnlockAchievement	0x0070d150	no
Unmount	0x007157f0	no
UpdateAchievementProgress	0x0044eaa0	no
UpdateStat	0x0070d240	no
VehicleChangeModel	0x006fa1e0	no
VehicleGetModelName	0x006fa2d0	no
VoiceIsMicActiveOn	0x006f81b0	no
VoiceToggleMic	0x006f8120	no
WaitForMessage	0x005cfcb0	no
Weather_GetSeason	0x00803ed0	yes
Weather_GetValue	0x00803df0	yes
Weather_PlaySound	0x00804210	yes
Weather_Rand	0x00804170	yes
Weather_SetCloudFactor	0x00804070	yes
Weather_SetLight	0x00803f70	yes
Weather_SetParticles	0x00803ff0	yes
Weather_SetSoundLoop	0x008042c0	yes
Weather_SetWeather	0x00803d00	yes
Weather_SetWind	0x008040f0	yes
WeddingHUDSetSims	0x0044dba0	no
WeddingHUDSetStatus	0x0044dc70	no
