name	va	arity	params
__add	0x0088d0c0	-	unresolved
__div	0x0088d310	-	unresolved
__eq	0x0088d370	-	unresolved
__gc	0x0088d390	-	unresolved
__le	0x0088d350	-	unresolved
__lt	0x0088d330	-	unresolved
__mul	0x0088d2f0	-	unresolved
__newindex	0x0088cca0	-	unresolved
__sub	0x0088d2d0	-	unresolved
ActionIsEvidence	0x00708de0	1	object
ActionIsStopped	0x00708ea0	1	object
ActionLock	0x00708d10	2	object,number
AddAchievementProgress	0x0044ed60	3	number,number,object
AddEvidence	0x00713d00	5	sim,sim,guildobject,number,number
AddImpact	0x00704b20	4	guildobject,impactname,number,number
AddImpactDependendImpact	0x00704ce0	4	guildobject,impactname,impactname,number
AddItems	0x0070f620	4	guildobject,number,number,number
AddObjectDependendImpact	0x00704c10	4	guildobject,number,impactname,number
AICheckWorkingPlace	0x0070bf50	3	settlement,number,number
AIExecutePlan	0x00719710	2	object,string
AIFindGoodClass	0x0070c060	1	guildobject
AliasExists	0x00638fd0	1	outalias
AlignTo	0x00706670	2	object,guildobject
AlignToNearest	0x00706700	1	sim
AllowAllMeasures	0x006f7f60	1	object
AllowMeasure	0x006f7ed0	3	object,?,number
ApplyGraphicsSettings	0x00451a00	-	unresolved
ApplyShader	0x00708030	2	sim,string
Assert	0x005cfb30	-	unresolved
Attach3DSound	0x00706900	3	guildobject,string,number
AttachModel	0x0070c800	2	guildobject,object
BankGetOffer	0x006f5700	4	building,sim,number,string
BankSetCreditOffer	0x006f5600	6	building,sim,number,number,number,number
BaseFE	0x0070a0b0	2	sim,string
BattleFlee	0x0070f030	3	guildobject,object,number
BattleGetNextEnemy	0x006f9c20	3	guildobject,guildobject,string
BattleGetWeaponName	0x0070efb0	1	guildobject
BattleIsFighting	0x006f9ac0	1	guildobject
BattleJoin	0x006f9810	4	guildobject,guildobject,bool,bool
BattleLeave	0x006f9ba0	1	guildobject
BattleWeaponPresent	0x006f98f0	1	guildobject
BattleWeaponStore	0x006f9b30	1	guildobject
BindQuest	0x00714ac0	2	string,guildobject
BlackBoardAddPamphlet	0x0070c8c0	3	building,sim,string
BlackBoardRemovePamphlet	0x0070cdd0	2	building,number
BlockChar	0x00638930	1	outalias
BlockLocator	0x006ff260	2	object,object
BoardShip	0x0070d770	2	object,object
BossCreate	0x006f5220	5	object,number,number,number,string
BuildingBuy	0x00705cf0	3	building,sim,number
BuildingBuyCart	0x00705db0	4	building,number,bool,string
BuildingCanBeEntered	0x006faef0	2	building,object
BuildingCanBeOwnedBy	0x00705ff0	2	building,sim
BuildingCanHireNewWorker	0x006faf90	1	building
BuildingCanLevelUp	0x0070ae00	2	building,number
BuildingCanProduce	0x006f5ab0	2	building,string
BuildingFindSimByName	0x00715d90	4	building,string,string,string
BuildingFindSimByProperty	0x00715c40	4	building,string,number,string
BuildingFindWaterPos	0x0070f290	3	object,object,string
BuildingGetAISetting	0x006f5b80	2	building,string
BuildingGetBaseHP	0x006fae90	1	number
BuildingGetBuyPrice	0x006facd0	1	building
BuildingGetCart	0x00706b00	3	building,number,outalias
BuildingGetCartCount	0x00706a10	1	building
BuildingGetCharacterClass	0x00703a40	1	building
BuildingGetCity	0x00705940	2	building,string
BuildingGetClass	0x007039c0	1	building
BuildingGetCutscene	0x00710f10	2	building,string
BuildingGetFixedCosts	0x006fab80	1	building
BuildingGetFlag	0x00703ec0	3	building,string,number
BuildingGetForSale	0x007058d0	1	building
BuildingGetFreeBudget	0x006fabe0	1	building
BuildingGetInsideSimList	0x006fb070	2	building,string
BuildingGetLevel	0x00703ba0	1	building
BuildingGetMaxWorkerCount	0x00703e50	1	building
BuildingGetNPC	0x00704210	3	building,number,string
BuildingGetOwner	0x007056a0	2	building,string
BuildingGetPriceProto	0x006fadb0	1	number
BuildingGetPrisoner	0x00704170	2	building,string
BuildingGetProducerCount	0x00703910	3	building,number,number
BuildingGetProfession	0x007042d0	1	building
BuildingGetProto	0x007038a0	1	building
BuildingGetReligion	0x00703b30	1	building
BuildingGetRepairPrice	0x006fae20	1	building
BuildingGetRoom	0x00700c50	3	building,string,string
BuildingGetSim	0x00704510	3	building,?,outalias
BuildingGetSimCount	0x00704490	1	building
BuildingGetType	0x00703ab0	1	building
BuildingGetValue	0x006fad40	1	building
BuildingGetWaterPos	0x00712b80	3	building,bool,string
BuildingGetWorker	0x007043d0	3	building,number,string
BuildingGetWorkerCount	0x00704360	1	building
BuildingGetWorkingEnd	0x00703830	1	building
BuildingGetWorkingStart	0x007037c0	1	building
BuildingHasIndoor	0x006faff0	1	building
BuildingHasUpgrade	0x00703ce0	1	building
BuildingInternalLevelUp	0x00703630	2	building,number
BuildingIsWorkingTime	0x00702500	1	building
BuildingLevelMeUp	0x006f5a30	2	building,number
BuildingLockForCutscene	0x0070b040	2	building,object
BuildingRallyWorkers	0x00706800	1	building
BuildingSetFlagColor	0x00704080	3	building,object,number
BuildingSetForSale	0x00705840	2	building,bool
BuildingSetOwner	0x00705750	3	building,sim,bool
BuildingSetWaterPos	0x00703f70	3	building,object,object
CalcDistance	0x0063ac90	2	outalias,outalias
CalculateCourtingDifficulty	0x00701740	2	sim,sim
CameraBlend	0x00802d20	2	number,number
CameraCheckLineOfSight	0x00802c50	1	guildobject
CameraEnableUserUnlock	0x00802c00	1	bool
CameraFollow	0x00802270	1	guildobject
CameraIndoorGetBuilding	0x00802970	1	string
CameraIndoorGetRoom	0x00802a10	1	string
CameraIndoorSetBuilding	0x00802860	1	building
CameraIndoorSetRoom	0x008028e0	1	object
CameraIsIndoor	0x00802580	0	
CameraIsLocked	0x00802600	0	
CameraIsTerrain	0x008025c0	0	
CameraLock	0x00802e90	3	string,?,guildobject
CameraLockLookAt	0x00802aa0	1	guildobject
CameraTerrainSet	0x00802640	0	
CameraTerrainSetPos	0x00802680	3	sim,number,number
CameraUnlock	0x00802bb0	0	
CampaignExit	0x00714590	1	bool
CanAddItems	0x006fbd40	4	guildobject,number,number,number
CanBeControlled	0x006fa7e0	2	guildobject,object
CanBeInterruptetBy	0x006f7620	2	object,object
CanBuildWorkshop	0x006f8500	1	guildobject
CarryObject	0x006ff580	3	sim,string,bool
CartCheckEscort	0x00706dc0	2	object,string
CartCheckFighting	0x00706e60	1	object
CartCreateEscort	0x00706ce0	1	object
CartGetEscortCount	0x00706c70	1	object
CartGetOperator	0x00706bc0	2	object,string
CartGetType	0x00706ed0	1	object
CartRemoveEscort	0x00706d50	1	object
Cast	0x005cbc90	-	unresolved
cast	0x0088bbd0	-	unresolved
CC_Continue	0x00450c90	-	unresolved
CC_DecrementSkill	0x00452d30	-	unresolved
CC_Finish	0x00450cb0	-	unresolved
CC_GetClass	0x00452840	-	unresolved
CC_GetClassNames	0x00452d80	-	unresolved
CC_GetFirstName	0x00452990	-	unresolved
CC_GetGender	0x004526d0	-	unresolved
CC_GetLastName	0x00452aa0	-	unresolved
CC_GetReligion	0x004527a0	-	unresolved
CC_GetSkills	0x00452bc0	-	unresolved
CC_GetZodiac	0x004528f0	-	unresolved
CC_GetZodiacNames	0x00450c20	-	unresolved
CC_IncrementSkill	0x00452ce0	-	unresolved
CC_RandomName	0x00452b90	-	unresolved
CC_SetBeard	0x00453080	-	unresolved
CC_SetClass	0x004528a0	-	unresolved
CC_SetFirstName	0x00452a20	-	unresolved
CC_SetGender	0x00452720	-	unresolved
CC_SetHair	0x00453030	-	unresolved
CC_SetHairColor	0x004530d0	-	unresolved
CC_SetHat	0x00453120	-	unresolved
CC_SetLastName	0x00452b30	-	unresolved
CC_SetReligion	0x004527f0	-	unresolved
CC_SetSkin	0x00452fe0	-	unresolved
CC_SetVoice	0x00453170	-	unresolved
CC_SetZodiac	0x00452950	-	unresolved
CChangeAnimation	0x00702910	3	object,string,number
CExitCurrentBuilding	0x00712690	2	sim,string
CFight	0x006fed40	4	guildobject,guildobject,string,string
CFollow	0x006fd390	7	object,object,number,string,number,bool,bool
ChangeAlias	0x00638de0	2	outalias,outalias
ChangeAppearance	0x0044cbe0	1	sim
ChangeGameState	0x004515a0	-	unresolved
ChangeResidence	0x00706870	2	sim,building
CheckGameTimerEnd	0x0070b170	0	
CheckPlayerBankrupt	0x0070aee0	1	object
CheckPlayerExtinct	0x0070ae70	1	object
CheckSkill	0x007131c0	3	sim,number,number
CHudRemoveCountdown	0x0044e850	2	string,bool
CIncrementXP	0x00712110	2	sim,number
CInitAlias	0x0044d790	3	string,string,string
CInitData	0x0044d580	3	string,string,string
CityAddPenalty	0x00701920	4	settlement,sim,number,number
CityAssignTrialRoles	0x00718640	2	object,settlement
CityBuildNewBuilding	0x0070dc10	6	settlement,number,sim,string,object,number
CityEndOfficeElection	0x00801130	3	settlement,object,sim
CityFindCrowdedPlace	0x007135e0	3	settlement,sim,string
CityFindSquad	0x00708f50	3	settlement,sim,string
CityGetBuildingByName	0x00709c50	3	settlement,string,string
CityGetBuildingCount	0x00716fe0	6	settlement,number,number,number,number,number
CityGetBuildingCountForCharacter	0x007177f0	4	settlement,number,number,number
CityGetBuildingForCharacter	0x007175d0	4	settlement,sim,number,string
CityGetBuildings	0x00717140	7	settlement,number,number,number,number,number,string
CityGetChairmanList	0x008013b0	2	settlement,string
CityGetCitizenCount	0x006f65a0	1	settlement
CityGetCrimeRate	0x006f6610	1	settlement
CityGetDynastyCharList	0x007117a0	2	settlement,string
CityGetEventText	0x00711670	2	settlement,number
CityGetFreeEventHour	0x00713820	3	settlement,number,number
CityGetHighestOfficeLevel	0x00800de0	1	settlement
CityGetItemDemand	0x00718ad0	2	settlement,number
CityGetLevel	0x006f6700	1	settlement
CityGetLocalMarket	0x006f6180	2	settlement,string
CityGetMaxWorkerhutLevel	0x006f6530	1	settlement
CityGetNearestBuilding	0x00717370	8	settlement,sim,number,number,number,number,number,string
CityGetNumEvents	0x007115f0	1	settlement
CityGetOffice	0x00800f00	4	settlement,number,number,string
CityGetOfficeCountAtLevel	0x00800e60	2	settlement,number
CityGetOfficeSessionMemberList	0x008017f0	3	settlement,string,number
CityGetPenalty	0x007096a0	5	settlement,sim,number,bool,string
CityGetRandomBuilding	0x00709b40	7	settlement,number,number,number,number,number,string
CityGetSeller	0x006f5fd0	5	settlement,guildobject,number,number,string
CityGetServant	0x006f6840	4	settlement,number,number,string
CityGetServantCount	0x006f6770	2	settlement,number
CityGetWantedTime	0x006f6220	2	settlement,sim
CityGuardScan	0x006f62c0	2	guildobject,string
CityIsKontor	0x006f6110	1	settlement
CityLevel2Label	0x00709620	1	string
CityModifyCrimeRate	0x006f6680	2	settlement,number
CityPrepareOfficesToVote	0x00801500	3	settlement,string,bool
CityRemoveApplicant	0x008010b0	2	settlement,sim
CityRemoveFromOffice	0x007ff7a0	2	settlement,sim
CityScheduleCutsceneEvent	0x0071a1a0	7	settlement,string,object,string,number,number,string
CitySetFixedPrice	0x006f63f0	5	guildobject,number,number,number,number
CitySetMaxWorkerhutLevel	0x006f6370	2	settlement,number
CitySetOfficeApplicant	0x00800fd0	3	settlement,sim,object
CitySimBreakout	0x00709020	2	settlement,sim
ClearImportantPersonSection	0x0044e570	1	string
ClearMeasureCache	0x006fefa0	1	object
ClearStateImpact	0x007062a0	1	string
CLoopAnimation	0x00702b20	3	object,string,number
CMoveTo	0x006fd150	6	object,object,number,string,number,bool
CMoveToWeak	0x006fd270	6	object,object,number,string,number,bool
CMsgBox	0x0044c540	6	guildobject,object,string,bool,string,string
CMsgNews	0x0070a290	8	guildobject,object,string,bool,string,number,string,string
CMsgQuest	0x0044c9f0	6	guildobject,object,string,bool,string,string
CMsgQuestIntro	0x0044cb20	1	string
CMsgSay	0x0070a5d0	6	guildobject,guildobject,object,string,bool,string
CommandStructure	0x00702570	2	sim,bool
CommitAction	0x00708ac0	6	outalias,guildobject,guildobject,guildobject,object,string
CompleteAchievement	0x0044e990	2	number,object
CopyAlias	0x006fb2a0	2	object,outalias
CopyAliasFromCutscene	0x00700ae0	3	string,object,string
CopyAliasToCutscene	0x007009a0	3	object,object,string
CourtingGetMaxCourtingId	0x006ffab0	0	
CourtingId2Measure	0x006ffaf0	1	number
CPlayAnimation	0x00702820	4	sim,string,number,number
CreateCutscene	0x00710bd0	2	string,string
CreateImportantPersonSection	0x0044e610	2	string,string
CreateRoad	0x006fc010	5	number,number,number,number,number
CreateScriptcall	0x00716b90	7	string,number,string,string,object,object,string
CreateWorkOfArt	0x006fbe40	7	guildobject,number,number,number,string,number,guildobject
CreditGetInterest	0x006f58d0	1	object
CreditGetRemainingTime	0x006f59b0	1	object
CreditGetRuntime	0x006f5940	1	object
CreditGetSum	0x006f57f0	1	object
CreditGetTotal	0x006f5860	1	object
CreditMoney	0x00703550	3	guildobject,number,string
CrimeForfeit	0x00709560	2	object,number
CrimeGetEvidenceValue	0x007095c0	1	object
CSendCommand	0x00638790	3	outalias,outalias,outalias
CShowPanel	0x0063a3d0	-	unresolved
CShowTutorialBox	0x0044e1e0	11	number,number,number,number,number,bool,string,string,string,string,number
CStroll	0x00702d80	4	object,number,number,string
CUseLocator	0x006ff630	2	object,number
CutsceneAddEvent	0x00713a40	3	object,string,number
CutsceneAddSim	0x008022f0	2	object,sim
CutsceneAddTriggerEvent	0x00713b90	5	object,string,string,number,number
CutsceneCallScheduled	0x007093a0	2	object,string
CutsceneCallThread	0x0071a4c0	3	object,string,guildobject
CutsceneCallUnscheduled	0x00709480	2	object,string
CutsceneCameraBlend	0x00803840	3	object,number,number
CutsceneCameraCreate	0x008032b0	2	object,guildobject
CutsceneCameraRelease	0x008038c0	1	object
CutsceneCameraSetAbsolutePosition	0x00803700	2	object,object
CutsceneCameraSetRelativePosition	0x00803460	3	object,string,guildobject
CutsceneCollectEvidences	0x007181a0	4	object,sim,sim,bool
CutsceneGetData	0x00709250	2	object,string
CutsceneGetMeasureLockTime	0x00802470	1	object
CutsceneHUDShow	0x0044d910	3	object,string,bool
CutsceneLocalPlayerIsWatching	0x00802d80	1	object
CutsceneRemoveSim	0x00802380	2	object,sim
CutsceneSendEventTrigger	0x007090b0	2	object,string
CutsceneSetData	0x00709130	2	object,string
CutsceneSetMeasureLockTime	0x00802410	2	object,number
CutsceneSetTimeBar	0x00802e00	2	object,number
CutsceneShowCharacterPanel	0x0044e7c0	2	object,bool
CWaitForSelection	0x00638a20	2	outalias,outalias
DeleteSaveGame	0x00450b40	-	unresolved
DestroyCutscene	0x00803920	1	object
Detach3DSound	0x007069a0	1	guildobject
DoNewBornStuff	0x00705c80	1	sim
DumpFileManifest	0x00450af0	-	unresolved
DynastyAddMember	0x007013d0	2	object,sim
DynastyAvoidControl	0x006f8f60	1	guildobject
DynastyCreate	0x006f6ab0	5	number,bool,number,string,bool
DynastyFindIdleWorker	0x006f9400	4	guildobject,number,number,string
DynastyFindNewBuilding	0x006f9140	3	guildobject,number,string
DynastyFindSquad	0x0070b5c0	2	object,string
DynastyFindTargetDynasty	0x006f9270	3	guildobject,bool,string
DynastyForceCalcDiplomacy	0x006f8770	1	guildobject
DynastyGetBuilding2	0x006f96b0	3	guildobject,number,string
DynastyGetBuildingCount	0x006f9db0	3	guildobject,number,number
DynastyGetBuildingCount2	0x006f9630	1	guildobject
DynastyGetColor	0x006f6bd0	1	sim
DynastyGetCredit	0x006f8940	3	guildobject,number,string
DynastyGetDiplomacyOffer	0x006f8fe0	2	guildobject,guildobject
DynastyGetDiplomacyState	0x0070ee60	2	sim,sim
DynastyGetFamilyMember	0x006fc920	3	guildobject,number,string
DynastyGetFamilyMemberCount	0x006fc8a0	1	guildobject
DynastyGetFlagNumber	0x0070c470	1	object
DynastyGetHomeCity	0x006fcb70	2	guildobject,string
DynastyGetMaxDiplomacyState	0x006f8d80	2	guildobject,guildobject
DynastyGetMember	0x006fc9f0	3	guildobject,number,string
DynastyGetMemberCount	0x006fc820	1	guildobject
DynastyGetMemberRandom	0x006fcac0	2	guildobject,string
DynastyGetMinDiplomacyState	0x006f8cd0	2	guildobject,guildobject
DynastyGetRandomBuilding	0x006fa880	4	guildobject,number,number,outalias
DynastyGetRandomVictim	0x006f9340	3	guildobject,number,string
DynastyGetRanking	0x006f8700	1	guildobject
DynastyGetTeam	0x006f83f0	1	guildobject
DynastyGetTotalSeaTradeValue	0x006f82c0	1	guildobject
DynastyGetWorker	0x006f9560	4	guildobject,number,number,outalias
DynastyGetWorkerCount	0x006f94d0	2	guildobject,number
DynastyHasUpgrade	0x00703d60	1	guildobject
DynastyIsAI	0x006f8070	1	guildobject
DynastyIsDead	0x006f8600	1	guildobject
DynastyIsHumanControlled	0x006f8220	1	guildobject
DynastyIsPlayer	0x006f7fd0	1	guildobject
DynastyIsShadow	0x006f8680	1	guildobject
DynastyMakeImpact	0x006f9090	3	guildobject,number,number
DynastyPaybackCredit	0x006f88a0	2	guildobject,number
DynastyRemoveDiplomacyStateImpact	0x006f8e30	4	guildobject,guildobject,number,bool
DynastyRemoveMember	0x00701460	1	sim
DynastySetDiplomacyState	0x006f8a10	3	guildobject,guildobject,number
DynastySetMaxDiplomacyState	0x006f8c90	0	
DynastySetMinDiplomacyState	0x006f8c50	0	
DynastySetTeam	0x006f8470	2	guildobject,number
DynastyTakeCredit	0x006f87f0	3	building,sim,number
EndCutscene	0x00715090	1	object
EnterVehicle	0x00702cd0	2	sim,object
Evacuate	0x00706770	2	building,bool
EvidenceGetActor	0x007003d0	2	object,string
EvidenceGetSeverity	0x00700360	1	object
ExitBuildingWithCamera	0x0044cc80	0	
ExitCurrentVehicle	0x00702c50	1	object
FadeInFE	0x00709da0	2	sim,string
FadeOutAllFE	0x00709f20	1	sim
FadeOutFE	0x00709e70	2	sim,string
Find	0x00637bf0	3	object,outalias,outalias
FindByID	0x00637fe0	3	object,?,outalias
FindByName	0x006383a0	3	object,outalias,outalias
FindNearestBuilding	0x007140a0	6	guildobject,number,number,number,bool,string
FindNode	0x005cbc30	-	unresolved
FindResourceProto	0x006f77f0	1	string
FindWorker	0x007169a0	3	building,string,number
Fire	0x00702be0	1	sim
ForbidMeasure	0x006f7e40	3	object,?,number
Gametime2Realtime	0x006fd570	1	number
Gametime2Total	0x006fd510	1	number
GetAccessPriceGive	0x007054c0	5	guildobject,guildobject,number,number,number
GetAccessPriceTake	0x007053f0	5	guildobject,guildobject,number,number,number
GetAchievementCategory	0x0044eec0	2	number,object
GetAchievementInfo	0x0044f1e0	2	number,object
GetAchievementProgress	0x0044ebc0	2	number,object
GetAchievementScore	0x0044f090	1	object
GetAliasByID	0x0063aad0	2	?,outalias
GetAnimationLength	0x007029b0	3	object,string,number
GetArmor	0x006f97a0	1	guildobject
GetBuildingBasePrice	0x006fac70	1	number
GetCameraPosition	0x0044ce80	0	
GetConfigFloat	0x00451870	-	unresolved
GetConfigInt	0x00451290	-	unresolved
GetConfigString	0x00451370	-	unresolved
GetCrimeLocation	0x0070c6e0	2	guildobject,string
GetCurrentMeasureID	0x0063c8a0	1	outalias
GetCurrentMeasureName	0x0063c970	1	outalias
GetCurrentMeasurePriority	0x0063ca30	1	outalias
GetData	0x00639220	1	outalias
GetDatabaseMaxID	0x00639c50	1	outalias
GetDatabaseValue	0x00639ce0	3	outalias,?,outalias
GetDirectionTo	0x00701dd0	2	object,object
GetDisplayName	0x0070d690	1	guildobject
GetDistance	0x0070fa30	2	object,object
GetDynasty	0x00705350	2	guildobject,string
GetDynastyColors	0x004508f0	-	unresolved
GetDynastyEvidenceValues	0x00718d70	2	sim,sim
GetDynastyID	0x007052e0	1	guildobject
GetEvadePosition	0x0070fea0	3	object,number,string
GetEvidenceAlignmentSum	0x00716480	2	sim,sim
GetEvidenceValues	0x007165b0	2	sim,sim
GetFavor	0x00711b00	2	sim,sim
GetFavorToDynasty	0x00711b00	2	sim,sim
GetFavorToSim	0x00711b00	2	sim,sim
GetFingerprint	0x00450330	-	unresolved
GetFleePosition	0x0070fd10	4	object,object,number,string
GetFreeLocatorByName	0x007193f0	6	building,string,number,number,string,bool
GetGametime	0x006fd6b0	0	
GetGameVersion	0x00450210	-	unresolved
GetHomeBuilding	0x006feba0	2	guildobject,string
GetHomeBuildingId	0x006fec40	1	guildobject
GetHoursToNextTrial	0x00711990	1	settlement
GetHP	0x00704870	1	guildobject
GetHPRelative	0x007048d0	1	guildobject
GetID	0x0063abf0	1	outalias
GetImpactValue	0x00704fd0	2	guildobject,impactname
GetInsideBuilding	0x00700bb0	2	sim,string
GetInsideBuildingID	0x00700e40	1	sim
GetInsideRoom	0x007111f0	2	sim,string
GetInventory	0x00703c20	3	guildobject,number,string
GetItemCount	0x00707c20	3	guildobject,number,number
GetLocalizedText	0x004503c0	-	unresolved
GetLocalPlayerDynasty	0x0070b230	1	string
GetLocatorByName	0x006ff170	4	building,string,string,bool
GetLocatorIndex	0x006ff410	1	object
GetMapInfo	0x00450750	-	unresolved
GetMapList	0x00450560	-	unresolved
GetMaxHP	0x00704a10	1	guildobject
GetMaxWorkshopCount	0x006f8580	1	guildobject
GetMeasureRepeat	0x00708240	3	guildobject,?,object
GetMeasureRepeatName	0x007085f0	1	object
GetMeasureRepeatName2	0x007084a0	2	?,object
GetMoney	0x00702f10	1	guildobject
GetMount	0x00715920	2	sim,string
GetName	0x00706600	1	object
GetNearestSettlement	0x006f69b0	2	object,string
GetNobilityTitle	0x00702140	2	guildobject,bool
GetNobilityTitleLabel	0x00712000	1	number
GetOfficeByApplicant	0x00801660	2	sim,string
GetOfficeTypeHolder	0x00800cf0	3	guildobject,number,string
GetOutdoorLocator	0x0044c7b0	3	string,number,string
GetOutdoorMovePosition	0x00712dd0	3	guildobject,guildobject,string
GetPlayerName	0x00450370	-	unresolved
GetPosition	0x0070f450	2	object,string
GetPositionOfSubobject	0x0070f870	3	guildobject,string,string
GetPositionXYZ	0x006fb940	1	object
GetProperty	0x006378f0	2	outalias,outalias
GetRadius	0x006fa170	1	object
GetRandomPlayerDynasty	0x00717fe0	1	string
GetRemainingInventorySpace	0x006fc740	3	guildobject,number,number
GetRepeatTimerEndtime	0x00708800	2	guildobject,string
GetRepeatTimerLeft	0x007081b0	2	guildobject,string
GetRotation	0x006fcd30	2	object,object
GetRotationTo	0x00701f80	2	object,object
GetRound	0x006fe650	0	
GetSaveGameList	0x00451dc0	-	unresolved
GetScenario	0x006fe810	1	string
GetScreenModes	0x00453370	-	unresolved
GetSeason	0x006fe5c0	0	
GetSettingNumber	0x0063c770	2	outalias,outalias
GetSettingString	0x0063c650	3	outalias,outalias,outalias
GetSettlement	0x00701cc0	2	guildobject,string
GetSettlementID	0x00701d60	1	guildobject
GetSimsInRange	0x00716e00	4	guildobject,number,string,number
GetSimType	0x007023b0	1	sim
GetSkillValue	0x00713260	2	sim,skillname
GetStat	0x0070d2b0	1	string
GetState	0x00706450	2	guildobject,number
GetStateImpact	0x00706380	2	guildobject,string
GetValueFloat	0x005cbd80	-	unresolved
GetValueInt	0x005cbd00	-	unresolved
GetValueString	0x005cc6b0	-	unresolved
GetVehicle	0x0070f0f0	2	object,outalias
GetWorkOfArtData	0x006fc130	3	guildobject,number,number
GetWorldPositionXYZ	0x006fb7f0	1	object
GetYear	0x006fe6e0	0	
GfxAttachObject	0x007153d0	2	string,string
GfxAttachObjectByID	0x0063afc0	1	outalias
GfxDetachAllObjects	0x0063c370	0	
GfxDetachObject	0x00715230	1	object
GfxDropToFloor	0x0063b3d0	1	outalias
GfxGetHeight	0x0063c2a0	1	outalias
GfxIsMoving	0x0063c520	1	outalias
GfxMoveNoWait	0x0063b7b0	1	outalias
GfxMoveToNoWait	0x0063bb90	2	outalias,outalias
GfxMoveToPositionNoWait	0x0063b9a0	1	outalias
GFXRand	0x0063aa40	0	
GfxRotateNoWait	0x0063bd20	1	outalias
GfxRotateToAngleNoWait	0x0063bf10	1	outalias
GfxRotateToNoWait	0x0063c110	2	outalias,outalias
GfxScale	0x0063c410	1	outalias
GfxSetPosition	0x0063b090	1	outalias
GfxSetPositionTo	0x0063b280	2	outalias,outalias
GfxSetRotation	0x0063b4a0	1	outalias
GfxSetRotationTo	0x0063b660	2	outalias,outalias
GfxStartParticle	0x00715580	4	string,string,object,number
GfxStopParticle	0x0063aef0	1	outalias
GuideSetPage	0x0044f330	1	string
HasData	0x00639370	1	outalias
HasProperty	0x00637800	2	outalias,outalias
HasRunningQuest	0x00714fc0	2	string,sim
HideObject	0x00710000	2	guildobject,outalias
HidePanel	0x00451450	-	unresolved
HideTutorialBox	0x0044e440	0	
HireWorker	0x006f9f40	2	building,string
HudAddToSelection	0x0044d340	1	guildobject
HudCancelUserSelection	0x0044e480	0	
HudClearSelection	0x0044d2f0	0	
HudDeselect	0x0044d260	0	
HudEnableElement	0x0044d8a0	2	string,bool
HudGetActiveCharacter	0x0044cdf0	1	string
HudGetActiveSheet	0x0044d050	0	
HudGetSelected	0x0044d3a0	1	string
HudGetSelectionCount	0x0044e900	1	string
HudPanelIsVisible	0x0044e100	1	string
HudSelect	0x0044d160	1	guildobject
HudSetViewToObject	0x0044e010	4	object,number,number,bool
ImpactGetMaxTimeleft	0x00704a70	2	guildobject,impactname
Include	0x005cfa90	-	unresolved
IncrementSkillValue	0x00713380	3	sim,skillname,number
IncrementXPQuiet	0x00714360	2	sim,number
InternalDie	0x00702e40	1	guildobject
InternalRemove	0x00702eb0	1	guildobject
InventoryGetSlotCount	0x0070c240	2	guildobject,number
InventoryGetSlotInfo	0x0070c3b0	3	guildobject,number,number
InventoryGetSlotSize	0x0070c2d0	3	guildobject,number,number
ipairs	0x008228b0	-	unresolved
IsAchievementCompleted	0x0044ecb0	2	number,object
IsAchievementUnlocked	0x0044f130	2	number,object
IsAchievementVanillaOnly	0x0070d1e0	1	string
IsAIDriven	0x0063a2b0	0	
IsDead	0x00706570	1	guildobject
IsDemo	0x0044e160	0	
IsDestroyed	0x0063a1f0	1	outalias
IsDynastySim	0x007045e0	1	sim
IsGUIDriven	0x0063a310	0	
IsInit	0x00639f40	1	outalias
IsInLoadingRange	0x00707d00	2	guildobject,guildobject
IsLocatorFree	0x00706a80	2	building,string
IsModActive	0x0070d1b0	0	
IsMount	0x0070d0e0	1	object
IsMounted	0x00715760	1	sim
IsMultiplayerGame	0x006f7420	0	
IsOnlyPartyMember	0x007046c0	1	sim
IsPartyMember	0x00704650	1	sim
IsReady	0x0063a090	1	outalias
IsStateDriven	0x0063a370	0	
IsType	0x00705050	2	object,string
IsTypeExact	0x007051a0	2	object,string
ItemGetBasePrice	0x00707710	1	string
ItemGetCategory	0x00707020	1	number
ItemGetID	0x00707b80	1	string
ItemGetLabel	0x00707a30	2	string,bool
ItemGetName	0x00707100	1	string
ItemGetNeed	0x00707400	1	number
ItemGetPriceBuy	0x00707260	2	number,object
ItemGetPriceSell	0x00707650	2	number,object
ItemGetProductionAmount	0x00707870	1	string
ItemGetProductionTime	0x007077c0	1	string
ItemGetSlot	0x007071a0	1	string
ItemGetSubstLevel	0x00707320	1	number
ItemGetType	0x00706f40	1	number
Kill	0x00712810	1	guildobject
KillQuest	0x00714ee0	2	string,guildobject
KontorFreezeAll	0x006fd880	1	number
KontorGetLordPermitLeft	0x006fe4a0	2	guildobject,number
KontorGetPermitLeft	0x006fd9f0	2	guildobject,number
KontorGrantLordPermit	0x006fe370	2	guildobject,number
KontorGrantPermit	0x006fd8c0	2	guildobject,number
KontorPublishFactory	0x006fdc60	2	number,number
KontorSetCharterLord	0x006fe020	2	guildobject,number
KontorSetLordship	0x006fe0b0	3	guildobject,number,number
KontorSetRealmLabels	0x006fdb10	5	guildobject,number,string,string,string
KontorSetReroll	0x006fdf20	1	guildobject
KontorSetRoute	0x006fd740	2	guildobject,number
KontorShowPrivileges	0x0044cd30	2	guildobject,guildobject
len	0x005cbb90	-	unresolved
ListAdd	0x00639470	2	outalias,outalias
ListAllCutscenes	0x00710e20	1	string
ListClear	0x006397f0	1	outalias
ListContains	0x00639b00	2	outalias,outalias
ListCrimeReport	0x00701a80	1	string
ListGetElement	0x00639960	3	outalias,?,outalias
ListMerge	0x00639580	2	outalias,outalias
ListNew	0x006393f0	1	outalias
ListRemove	0x006396e0	2	outalias,outalias
ListSize	0x00639890	1	outalias
LoadSaveGame	0x00452530	-	unresolved
LocatorGetBlocker	0x006ff300	1	object
LocatorStatus	0x006ff0d0	2	building,string
LogError	0x005cc850	-	unresolved
LogMessage	0x005cc7b0	-	unresolved
LogWarning	0x005cbe00	-	unresolved
LordshipAddFavor	0x006fe170	2	guildobject,number
LordshipGetFavor	0x006fe2b0	2	guildobject,number
LuaType	0x005cbac0	-	unresolved
MapHighlightObject	0x0044d0d0	3	guildobject,bool,bool
MarketConsume	0x007074e0	1	settlement
MarketRegisterSale	0x00707590	2	settlement,number
math	0x00825e90	-	unresolved
MeasureAddAlias	0x0070e520	3	object,string,object
MeasureAddData	0x0070e640	3	object,string,outalias
MeasureClearRuntimeData	0x0063c620	0	
MeasureCreate	0x0070e420	1	string
MeasureGetID	0x006f7700	0	
MeasureGetPriority	0x0063ae90	0	
MeasureIsValid	0x0070c170	2	object,object
MeasureRun	0x0070e9f0	4	guildobject,object,?,bool
MeasureSetNotRestartable	0x0063c5f0	0	
MeasureSetPriority	0x0063ae20	0	
MeasureSetStopMode	0x0063cb00	0	
MeasureStart	0x0070e820	5	object,guildobject,object,?,bool
ModifyFavorToDynasty	0x00711d00	3	sim,object,number
ModifyFavorToSim	0x00711c00	3	sim,sim,number
ModifyHP	0x00704930	3	guildobject,?,bool
Mount	0x0070cf80	1	sim
MoveGetPrefPattern	0x00712d30	1	object
MoveGetStance	0x006fd040	1	object
MoveSetActivity	0x006fcea0	2	object,string
MoveSetStance	0x006fcfb0	2	object,number
MoveStop	0x006fd0d0	1	object
MsgDebugMeasure	0x00638d60	1	outalias
MsgMeasure	0x0071a5e0	2	guildobject,string
MsgQuick	0x0071a720	2	guildobject,string
MsgSystem	0x0071a840	2	guildobject,string
Name2BuildingType	0x006f9e90	1	string
newproxy	0x00822dd0	-	unresolved
NotifyOnStateChange	0x00717940	4	guildobject,number,string,string
ObjectClearMeasureIcon	0x0070c560	1	guildobject
ObjectClearStateIcon	0x0070c640	1	guildobject
ObjectGetRotationY	0x006fcc30	1	object
ObjectSetHighlight	0x0070b300	2	guildobject,bool
ObjectSetMeasureIcon	0x0070c4e0	2	guildobject,string
ObjectSetStateIcon	0x0070c5c0	2	guildobject,string
OfficeApplicationHUDAddVoter	0x0044de40	3	object,number,number
OfficeApplicationHUDSetCandidates	0x0044dd60	6	object,number,number,number,number,number
OfficeDepositionHUDAddVoter	0x0044df70	3	object,number,number
OfficeDepositionHUDSetCandidate	0x0044dee0	2	object,number
OfficeGetAccessRights	0x007ffe90	3	object,sim,number
OfficeGetApplicantCount	0x008002b0	0	
OfficeGetChargeCost	0x00800140	0	
OfficeGetHolder	0x007ff900	2	object,string
OfficeGetHolderId	0x007ff890	1	object
OfficeGetIdx	0x00800240	1	object
OfficeGetLevel	0x007ff9c0	0	
OfficeGetShadowApplicantCount	0x00800320	0	
OfficeGetTextLabel	0x007ffa20	2	number,number
OfficePrepareSessionMembers	0x00801b60	3	object,string,number
OfficeRemoveApplicant	0x008001b0	2	object,sim
OfficeSetBlock	0x007ff820	2	object,bool
OpenBugReport	0x00450a50	-	unresolved
OpenLetterComposer	0x0070a170	1	guildobject
OpenSteamOverlayURL	0x00450a20	-	unresolved
OSHSetMeasureCost	0x0044f590	1	string
OSHSetMeasureRepeat	0x0044f4d0	1	string
OSHSetMeasureRuntime	0x0044f410	1	string
OutputDebugString	0x006fa990	1	string
pairs	0x00822830	-	unresolved
PenaltyFinish	0x00709800	1	object
PenaltyGetOffender	0x00714000	2	object,string
PenaltyGetPrisonTime	0x007098e0	1	object
PenaltyGetType	0x00709870	1	object
PenaltyReset	0x00709790	1	object
PlayerCreate	0x006f5130	2	object,string
PlayerMeasureStarted	0x0044cff0	1	string
PlayFE	0x00709fe0	2	sim,string
PlaySound	0x00707de0	4	string,number,number,string
PlaySound3D	0x00707ef0	3	guildobject,string,number
PlaySound3DVariation	0x00707f90	3	guildobject,string,number
PlaySoundVariation	0x00707e70	2	string,number
Plunder	0x006f9d00	3	guildobject,guildobject,number
Position2GuildObject	0x006fb330	2	object,string
PositionGetArea	0x006fb680	1	object
PositionGetRotation	0x006fba70	1	object
PositionGetVector	0x006fb770	1	object
PositionModify	0x006fb580	4	object,number,number,number
PositionMove	0x006fb430	4	object,number,object,number
PositionSetArea	0x006fb6f0	2	object,number
PositionSetVector	0x006fbad0	4	object,number,number,number
ProfessionGetLabel	0x00707930	2	number,number
QuestTalk	0x00708a30	2	sim,sim
QuitGame	0x00450360	-	unresolved
Rand	0x0063a830	0	
ReadyToRepeat	0x00708130	2	guildobject,string
RealmGetRuler	0x006fde40	1	number
RealmSetRuler	0x006fdd40	2	number,guildobject
Realtime2Gametime	0x006fd610	1	number
ReleaseAvoidanceGroup	0x006fa510	1	sim
ReleaseLocator	0x006ff370	2	object,object
releaseownership	0x0088c0e0	-	unresolved
RemoveAlias	0x00638e90	1	outalias
RemoveAllImpactDependendImpacts	0x00704db0	2	guildobject,impactname
RemoveAllObjectDependendImpacts	0x00704e40	2	guildobject,object
RemoveAllOverheadSymbols	0x0070a7e0	1	guildobject
RemoveData	0x006391a0	1	outalias
RemoveDialogBox	0x0070a850	1	guildobject
RemoveDynastyEvidences	0x0070acb0	2	sim,sim
RemoveEmptySlots	0x006fc270	2	guildobject,number
RemoveEvidences	0x0070ac20	2	sim,sim
RemoveImpact	0x00704f10	3	guildobject,impactname,object
RemoveItems	0x0070f740	4	guildobject,number,number,number
RemoveOverheadSymbol	0x0070a750	1	string
RemoveOverheadSymbols	0x00718cf0	0	
RemoveProperty	0x00637b00	2	outalias,outalias
RemoveScriptcall	0x00708750	1	string
RenderCustomClear	0x00505130	2	?,string
RenderCustomClearAll	0x00505210	0	
RenderCustomSetCamera	0x00504950	8	?,string,number,number,number,number,number,number
RenderCustomSetFOV	0x00504a40	3	?,string,number
RenderCustomSetLabel	0x00504470	3	?,string,string
RenderCustomSetObjectTransform	0x00504ad0	9	?,string,number,number,number,number,number,number,number
RenderCustomSetTexture	0x00504500	3	?,string,string
RenderCustomShowNIF	0x00505be0	4	?,string,string,number
RenderCustomShowObject	0x00505b30	4	?,string,guildobject,number
RenderCustomShowSim	0x00505a80	4	?,string,sim,number
ResetAchievementProgress	0x0044ef70	2	number,object
ResetGamespeed	0x0044e730	0	
ResetMouseCursorTexture	0x0063a750	0	
ResetProcessProgress	0x00704810	1	guildobject
ResetQuest	0x00714e00	2	string,guildobject
ResolveLabel	0x0070d3b0	1	string
ResourceCanBeChanged	0x006f7bc0	1	object
ResourceFind	0x006f7880	4	guildobject,number,string,bool
ResourceGetEntry	0x006f7a80	2	object,string
ResourceGetItemId	0x006f7b40	1	object
ResourceGetLevel	0x006f7a10	1	object
ResourceGetMeasureID	0x006f7d30	1	object
ResourceGetScriptFunc	0x006f7cb0	1	object
ResourceGetTypeCount	0x0070ed20	1	object
ResourceGetTypeItem	0x0070eda0	2	object,number
ResourceSow	0x006f7c30	2	object,number
RollPoolName	0x007106d0	3	string,number,number
RoomGetInsideSimList	0x006fb160	2	object,string
RoomLockForCutscene	0x0070afb0	2	object,object
SatisfyNeed	0x006fee10	3	sim,number,number
SaveAllConfig	0x00450ad0	-	unresolved
ScenarioCreateCart	0x00705e70	4	number,guildobject,object,string
ScenarioCreatePosition	0x0070e260	3	number,number,string
ScenarioCreateResource	0x006f74c0	3	object,string,string
ScenarioFindBuildingProto	0x006f5580	4	number,number,number,number
ScenarioFindBuildingProtoForCharacter	0x00716810	3	sim,number,number
ScenarioFindPosition	0x0070d8e0	9	object,number,number,number,number,number,number,string,string
ScenarioGetBuildingCount	0x007099e0	5	number,number,number,number,number
ScenarioGetDifficulty	0x006f6e30	0	
ScenarioGetImperialCapital	0x006f70c0	1	string
ScenarioGetImperialCapitalId	0x006f7020	0	
ScenarioGetItemIdByNumber	0x006f7290	1	number
ScenarioGetItemIdCount	0x006f7250	0	
ScenarioGetKontorGoodCount	0x006f6ec0	0	
ScenarioGetKontorGoodInfo	0x006f6f50	1	number
ScenarioGetObjectByName	0x0070e060	3	string,string,string
ScenarioGetObjects	0x0070de40	3	string,number,string
ScenarioGetRandomObject	0x007159d0	2	string,string
ScenarioGetTimePlayed	0x006f72e0	0	
ScenarioGetUnspawnedEnemiesCount	0x006fe8d0	0	
ScenarioGetYearsPerRound	0x006fe960	0	
ScenarioPauseAI	0x006f7370	1	bool
ScenarioSetImperialCapital	0x006f7190	1	settlement
ScenarioSetNameLanguage	0x0070c6a0	1	string
ScenarioSetOutdoorScrollBoundaries	0x006f53d0	0	
ScenarioSetYearsPerRound	0x006fe770	1	number
ScenarioStopUsingOutdoorScrollBoundaries	0x006f5340	0	
SetActiveAvoidance	0x006fa430	2	object,bool
SetAppearance	0x00709d10	3	sim,number,number
SetArg	0x00719a80	2	number,string
SetAvoidanceGroup	0x00717c40	0	
SetAvoidanceRange	0x006fa100	2	object,number
SetCampaignEndText	0x0070a940	0	
SetConfigFloat	0x00451960	-	unresolved
SetConfigInt	0x00451480	-	unresolved
SetConfigString	0x00451510	-	unresolved
SetContext	0x006fa3a0	2	object,string
SetData	0x00639050	2	outalias,outalias
SetDestroyed	0x0063a150	1	outalias
SetEndlessMoney	0x007034d0	2	guildobject,bool
SetExclusiveMeasure	0x006f7da0	3	object,?,number
SetFavorToDynasty	0x00711f00	3	sim,object,number
SetFavorToSim	0x00711e00	3	sim,sim,number
SetHomeBuilding	0x006fecb0	2	guildobject,building
SetImportantPersonToSection	0x0044e4b0	3	number,string,number
SetInit	0x00639ea0	1	outalias
SetInvisible	0x006ffcd0	2	guildobject,bool
SetMainQuest	0x0070af50	1	string
SetMainQuestDescription	0x0071b0a0	2	string,string
SetMainQuestTitle	0x0071af40	2	string,string
SetMeasureRepeat	0x00708330	2	number,object
SetMenuState	0x00450270	-	unresolved
SetMouseCursorTexture	0x0063a600	1	outalias
SetName	0x006f6d10	2	guildobject,string
SetNobilityTitle	0x00702210	3	sim,number,bool
SetOfficePrivileges	0x00800010	1	object
SetOfficeServants	0x007fff50	4	object,string,number,number
SetPassiveAvoidance	0x006fa4a0	2	object,bool
SetPlayerName	0x00450390	-	unresolved
SetPosition	0x006fbbf0	1	object
SetProcessMaxProgress	0x00704750	2	guildobject,number
SetProcessProgress	0x007047b0	2	guildobject,number
SetProperty	0x00637600	3	outalias,outalias,outalias
SetQuestDescription	0x0071abf0	2	string,bool
SetQuestDescriptionByQuestname	0x0071ad20	4	string,sim,string,bool
SetQuestDestination	0x00714480	1	guildobject
SetQuestSource	0x007149b0	1	guildobject
SetQuestTitle	0x0071aaf0	1	string
SetReady	0x00639ff0	1	outalias
SetRepeatTimer	0x007088e0	3	guildobject,string,number
SetRichPresence	0x0070d320	2	string,string
SetRoomAnimationTime	0x008047a0	4	building,string,string,number
SetSkillValue	0x007132e0	3	sim,skillname,number
SetState	0x007060b0	3	guildobject,number,bool
SetStateImpact	0x007061c0	1	string
SetTime	0x006fe9f0	4	number,number,number,number
SettlementEventGetTime	0x007143f0	1	object
SettlementGetOffice	0x00800b00	4	settlement,number,number,string
SettlementGetOfficeCnt	0x00800a60	2	settlement,number
SettlementGetOfficeHolder	0x00800be0	4	settlement,number,number,string
SettlementGetOfficeLevelCnt	0x008009e0	1	settlement
SetWorkOfArtProvenance	0x007190e0	8	guildobject,number,number,string,string,number,number,number
ShowBoundingBox	0x007080b0	2	guildobject,bool
ShowBuildingFlags	0x006fb210	2	building,bool
ShowMap	0x0044ccb0	1	number
ShowObject	0x00710100	2	guildobject,outalias
ShowOverheadMeasureSymbol	0x0070a960	2	guildobject,string
ShowOverheadSymbol	0x0071a950	5	guildobject,bool,bool,string,string
ShowStatistics	0x0044e6f0	0	
SimAddCourtingProgress	0x00700740	1	sim
SimAddDate	0x00710fb0	5	sim,building,string,number,string
SimAddDatebookEntry	0x00719d70	5	sim,number,building,string,string
SimApplyDeposition	0x00800690	2	sim,sim
SimArrangeLiaison	0x00700910	2	sim,sim
SimBeamMeUp	0x006ff9b0	3	object,object,bool
SimCanBeCharged	0x007019b0	1	sim
SimCanBeHired	0x006fa6e0	3	sim,guildobject,bool
SimCanStartCourtLover	0x00700570	2	sim,sim
SimCanWorkHere	0x006faae0	2	sim,building
SimChargeCharacter	0x00717d70	2	sim,sim
SimConsumeGoods	0x007004e0	2	sim,bool
SimCreate	0x007059f0	6	number,building,object,string,number,number
SimCreateCompanion	0x007108f0	1	sim
SimCreateUnplaced	0x00705b60	4	number,string,number,number
SimDoCourtingAction	0x00700690	3	sim,number,number
SimFindProduction	0x006faa20	1	sim
SimFindSquad	0x0070b500	2	sim,string
SimGenerateName	0x006ffe20	2	sim,string
SimGetAge	0x00710200	1	sim
SimGetAlignment	0x00711330	1	sim
SimGetAssignedArea	0x00711a60	2	sim,string
SimGetAssignedAreaID	0x007113b0	1	sim
SimGetBehavior	0x007000a0	1	sim
SimGetBeloved	0x00701570	2	sim,string
SimGetBestEvidence	0x007160a0	3	sim,?,string
SimGetChild	0x00701310	3	sim,number,string
SimGetChildCount	0x007012a0	1	sim
SimGetChildren	0x00701030	3	sim,number,string
SimGetChildrenCount	0x007010f0	1	sim
SimGetChurch	0x00701610	2	sim,string
SimGetCityOfOffice	0x007ffba0	2	sim,string
SimGetClass	0x007124f0	1	sim
SimGetCourtingSim	0x00710ab0	2	sim,string
SimGetCourtLover	0x007007b0	2	sim,string
SimGetCrimeList	0x00716310	2	sim,string
SimGetCutscene	0x00710d80	2	sim,string
SimGetDeadSpouseCount	0x007112a0	1	sim
SimGetDivorced	0x00702290	2	sim,sim
SimGetFaith	0x00711510	1	sim
SimGetFather	0x00701160	2	sim,string
SimGetFavourableCourtingAction	0x006ff820	1	sim
SimGetGender	0x00712620	1	sim
SimGetHandsel	0x007036c0	2	sim,guildobject
SimGetLastname	0x006ffe80	1	sim
SimGetLevel	0x00712480	1	sim
SimGetLiaison	0x00700850	2	sim,string
SimGetMaxOfficeLevel	0x007ff590	1	sim
SimGetMother	0x00701200	2	sim,string
SimGetNeed	0x006feeb0	2	sim,number
SimGetOffice	0x007ff700	2	sim,string
SimGetOfficeID	0x007ffe20	1	sim
SimGetOfficeIndex	0x007ff680	1	sim
SimGetOfficeLevel	0x007ff600	1	sim
SimGetPregnant	0x00710320	1	sim
SimGetProduceItemID	0x006ffc60	1	sim
SimGetProductivity	0x006ff6c0	1	sim
SimGetProfession	0x00700eb0	1	sim
SimGetProgress	0x006ff720	1	sim
SimGetRank	0x00710a40	1	sim
SimGetReligion	0x00711430	1	sim
SimGetServantDynasty	0x00705590	2	sim,string
SimGetServantDynastyId	0x00705630	1	sim
SimGetSpouse	0x00700f90	2	sim,string
SimGetWage	0x00703760	1	sim
SimGetWealth	0x006fff40	1	sim
SimGetWeaponDamage	0x006f9960	1	sim
SimGetWorkingPlace	0x00701c20	2	sim,outalias
SimGetWorkingPlaceID	0x00701bb0	1	sim
SimHasAbility	0x00715ba0	2	sim,number
SimHire	0x006fa5e0	3	sim,guildobject,bool
SimIsAppliedForOffice	0x00800940	1	sim
SimIsCourting	0x00710b50	1	sim
SimIsInside	0x00702420	1	sim
SimIsMortal	0x0070f190	1	sim
SimIsWorkingTime	0x00702490	1	sim
SimLock	0x00700260	2	sim,number
SimMarry	0x007014e0	2	sim,sim
SimPauseWorking	0x00700f20	1	sim
SimReleaseCourtLover	0x007016d0	1	sim
SimResetBehavior	0x007002f0	1	sim
SimResumePreFightMeasure	0x006fef30	1	sim
SimRunForAnOffice	0x00800410	1	sim
SimSetAge	0x00710280	2	sim,number
SimSetBehavior	0x00700020	2	sim,string
SimSetBehaviorDataAlias	0x007001b0	3	sim,string,object
SimSetBehaviorDataFloat	0x00700110	3	sim,string,number
SimSetClass	0x00712590	2	sim,number
SimSetCourtLover	0x00700600	2	sim,sim
SimSetDoctorTitle	0x00702340	1	sim
SimSetFaith	0x00711590	2	sim,number
SimSetFamily	0x007104c0	3	sim,sim,sim
SimSetFirstname	0x007103a0	2	sim,string
SimSetHireable	0x006fa560	2	sim,bool
SimSetLastname	0x007105a0	2	sim,string
SimSetMortal	0x0070f200	2	sim,bool
SimSetOffice	0x007ffd10	2	sim,object
SimSetParents	0x006ffd60	3	sim,sim,sim
SimSetProduceItemID	0x006ffb50	3	sim,number,number
SimSetProgress	0x006ff790	2	sim,number
SimSetReligion	0x007114b0	2	sim,number
SimSetStartLevel	0x007123f0	2	sim,number
SimStartIdleMeasure	0x006fffb0	1	sim
SimStopMeasure	0x006ffa30	1	object
Sleep	0x005cfbd0	-	unresolved
SneakVisActivate	0x00709950	2	sim,number
SpendMoney	0x00702f80	4	guildobject,number,string,bool
SquadAddMember	0x0070baa0	3	object,number,sim
SquadAddRandom	0x0070b710	3	object,number,number
SquadCreate	0x0070b3c0	5	guildobject,?,object,string,string
SquadDestroy	0x0070b490	1	object
SquadGet	0x0070b670	2	guildobject,string
SquadGetLeader	0x0070bc60	2	object,string
SquadGetLeaderId	0x0070bd00	1	object
SquadGetMeetingPlace	0x0070beb0	2	object,string
SquadGetMember	0x0070bd70	3	object,number,string
SquadGetMemberCount	0x0070b830	2	object,bool
SquadGetProfession	0x0070b7b0	2	object,number
SquadGetState	0x0070bbf0	1	object
SquadGetVacantPlace	0x0070b8c0	1	object
SquadIsNeeded	0x0070ba10	2	object,sim
SquadIsReady	0x0070b930	1	object
SquadMemberExists	0x0070be30	2	object,number
SquadRemoveMember	0x0070bb50	2	guildobject,bool
SquadSetMeetingPlace	0x0070c0e0	2	object,object
SquadSetReady	0x0070b990	3	object,number,bool
StartEmote	0x007017d0	3	sim,string,number
StartGameTimer	0x0070b0d0	1	number
StartHighPriorMusic	0x00713420	2	?,bool
StartMagicalEffect	0x0044d460	6	object,string,number,number,number,number
StartMission	0x00714c90	2	string,object
StartProduction	0x006ff010	2	sim,guildobject
StartQuest	0x00714b90	4	string,sim,guildobject,bool
StartRoomAnimation	0x008044c0	3	building,string,string
StartSinglePlayerGame	0x004516a0	-	unresolved
StartSingleShotParticle	0x00712f90	4	string,object,number,number
Stop	0x005cfd60	-	unresolved
StopAction	0x00708c40	2	string,guildobject
StopAllAnimations	0x00702ab0	1	object
StopAnimation	0x00702a40	2	object,number
StopEmote	0x007018d0	1	sim
StopFollow	0x006fd4c0	1	sim
StopMeasure	0x00638c60	0	
StopProduction	0x006ff080	1	sim
StopRoomAnimation	0x00804630	3	building,string,string
StopScheduledScript	0x00638b80	0	
string	0x00825700	-	unresolved
SystemGetMeasureName	0x006f77a0	0	
SystemGetMeasurePriority	0x006f7740	0	
table	0x00823c10	-	unresolved
takeownership	0x0088bbb0	-	unresolved
Talk	0x00708980	3	sim,sim,bool
ThrowObject	0x006fc570	5	guildobject,guildobject,string,number,string
TradeMemoryEvents	0x006fead0	4	sim,sim,sim,bool
Transfer	0x006fc3e0	7	guildobject,guildobject,number,guildobject,number,string,number
TransferItems	0x006fc300	4	guildobject,guildobject,number,number
TrialHUDSetSims	0x0044d9b0	6	object,number,number,number,number,number
TrialHUDSetStatus	0x0044daa0	7	object,number,number,number,number,number,number
UI_AttachCityListeners	0x00459530	1	number
UI_BringToFront	0x00457d90	-	unresolved
UI_CleanupAll	0x0045b420	-	unresolved
UI_ComboBoxAddItem	0x00458c00	3	number,string,number
UI_ComboBoxGetValue	0x00458e60	1	number
UI_ComboBoxSetValue	0x00458f60	2	number,number
UI_CreateCheckbox	0x00457d80	-	unresolved
UI_CreateComboBox	0x00458700	5	number,number,number,number,number
UI_CreateLabel	0x00457c10	-	unresolved
UI_CreateScrollBar	0x00459c10	14	number,number,number,number,number,number,string,number,number,string,string,number,string,number
UI_CreateSlider	0x00457ff0	10	number,number,number,number,number,?,?,number,?,string
UI_CreateWindow	0x00457c20	-	unresolved
UI_DestroyElement	0x00457c80	-	unresolved
UI_ExcludeFromHitTest	0x00459ba0	-	unresolved
UI_GetCursorPos	0x00450200	-	unresolved
UI_GetElementPosition	0x00457ca0	-	unresolved
UI_GetScreenSize	0x004501f0	-	unresolved
UI_GetSelectedCity	0x00451610	-	unresolved
UI_GetSize	0x00457cd0	-	unresolved
UI_GetSliderValue	0x00459020	1	number
UI_GetText	0x00457d10	-	unresolved
UI_IsButtonPressed	0x00457d70	-	unresolved
UI_IsVisible	0x00457db0	-	unresolved
UI_LoadMapGUI	0x004591f0	2	number,string
UI_LoadSaveScreenshot	0x0045aab0	-	unresolved
UI_SetAlpha	0x00457ce0	-	unresolved
UI_SetButtonColors	0x00457d20	-	unresolved
UI_SetButtonHoverColor	0x00457d50	-	unresolved
UI_SetButtonPressedColor	0x00457d40	-	unresolved
UI_SetButtonReleasedColor	0x00457d30	-	unresolved
UI_SetButtonTexture	0x00457cb0	-	unresolved
UI_SetButtonWheelScroll	0x004598c0	2	number,number
UI_SetCheckboxState	0x00457110	1	number
UI_SetColor	0x00457c70	-	unresolved
UI_SetElementShader	0x00459a10	-	unresolved
UI_SetElementWheelScroll	0x00459760	2	number,number
UI_SetEnabled	0x00457c40	-	unresolved
UI_SetFont	0x00457cf0	-	unresolved
UI_SetFontColor	0x00457d00	-	unresolved
UI_SetLabelAlignment	0x00456130	3	number,string,string
UI_SetMapFile	0x0045a9b0	1	number
UI_SetName	0x00457dc0	-	unresolved
UI_SetOnClick	0x00457c90	-	unresolved
UI_SetPosition	0x00457c50	-	unresolved
UI_SetScrollBarRange	0x0045a6f0	3	number,number,number
UI_SetShaderColor	0x00459ad0	-	unresolved
UI_SetSize	0x00457cc0	-	unresolved
UI_SetSliderValue	0x00459120	1	number
UI_SetText	0x00457c60	-	unresolved
UI_SetTextAlignment	0x00456370	2	number,string
UI_SetTexture	0x00457da0	-	unresolved
UI_SetupDefaultButton	0x00457d60	-	unresolved
UI_SetVisible	0x00457c30	-	unresolved
UI_StyleMenuButton	0x00456bf0	16	number,string,number,number,number,string,number,number,number,number,number,number,number,number,number,number
UI_StyleSlider	0x004582f0	6	number,number,number,string,string,number
UI_ToggleCheckbox	0x004571f0	1	number
UnloadShipCrew	0x00718810	-	unresolved
UnlockAchievement	0x0070d150	1	string
Unmount	0x007157f0	1	sim
UpdateAchievementProgress	0x0044eaa0	3	number,number,object
UpdateStat	0x0070d240	2	string,number
VehicleChangeModel	0x006fa1e0	2	object,outalias
VehicleGetModelName	0x006fa2d0	1	object
VoiceIsMicActiveOn	0x006f81b0	1	guildobject
VoiceToggleMic	0x006f8120	1	guildobject
WaitForMessage	0x005cfcb0	-	unresolved
Weather_GetSeason	0x00803ed0	0	
Weather_GetValue	0x00803df0	1	number
Weather_PlaySound	0x00804210	2	string,number
Weather_Rand	0x00804170	1	number
Weather_SetCloudFactor	0x00804070	1	number
Weather_SetLight	0x00803f70	1	number
Weather_SetParticles	0x00803ff0	1	number
Weather_SetSoundLoop	0x008042c0	4	string,number,number,number
Weather_SetWeather	0x00803d00	2	string,number
Weather_SetWind	0x008040f0	1	number
WeddingHUDSetSims	0x0044dba0	5	object,number,number,number,number
WeddingHUDSetStatus	0x0044dc70	6	object,number,number,number,number,number
